
🎯 Running 6 variant(s): ['iou_only', 'shape_only', 'hsv_depth', 'shape_depth', 'full_features', 'deepsort']

======================================================================
Running: iou_only
======================================================================
⚠️ Warning: Depth video ended at frame 0
⚠️ Warning: Depth video ended at frame 1
⚠️ Warning: Depth video ended at frame 2
⚠️ Warning: Depth video ended at frame 3
⚠️ Warning: Depth video ended at frame 4
⚠️ Warning: Depth video ended at frame 5
⚠️ Warning: Depth video ended at frame 6
⚠️ Warning: Depth video ended at frame 7
⚠️ Warning: Depth video ended at frame 8
⚠️ Warning: Depth video ended at frame 9
⚠️ Warning: Depth video ended at frame 10
⚠️ Warning: Depth video ended at frame 11
⚠️ Warning: Depth video ended at frame 12
⚠️ Warning: Depth video ended at frame 13
⚠️ Warning: Depth video ended at frame 14
⚠️ Warning: Depth video ended at frame 15
⚠️ Warning: Depth video ended at frame 16
⚠️ Warning: Depth video ended at frame 17
⚠️ Warning: Depth video ended at frame 18
⚠️ Warning: Depth video ended at frame 19
⚠️ Warning: Depth video ended at frame 20
⚠️ Warning: Depth video ended at frame 21
⚠️ Warning: Depth video ended at frame 22
⚠️ Warning: Depth video ended at frame 23
⚠️ Warning: Depth video ended at frame 24
⚠️ Warning: Depth video ended at frame 25
⚠️ Warning: Depth video ended at frame 26
⚠️ Warning: Depth video ended at frame 27
⚠️ Warning: Depth video ended at frame 28
⚠️ Warning: Depth video ended at frame 29
⚠️ Warning: Depth video ended at frame 30
⚠️ Warning: Depth video ended at frame 31
⚠️ Warning: Depth video ended at frame 32
⚠️ Warning: Depth video ended at frame 33
⚠️ Warning: Depth video ended at frame 34
⚠️ Warning: Depth video ended at frame 35
⚠️ Warning: Depth video ended at frame 36
⚠️ Warning: Depth video ended at frame 37
⚠️ Warning: Depth video ended at frame 38
⚠️ Warning: Depth video ended at frame 39
⚠️ Warning: Depth video ended at frame 40
⚠️ Warning: Depth video ended at frame 41
⚠️ Warning: Depth video ended at frame 42
⚠️ Warning: Depth video ended at frame 43
⚠️ Warning: Depth video ended at frame 44
⚠️ Warning: Depth video ended at frame 45
⚠️ Warning: Depth video ended at frame 46
⚠️ Warning: Depth video ended at frame 47
⚠️ Warning: Depth video ended at frame 48
⚠️ Warning: Depth video ended at frame 49
⚠️ Warning: Depth video ended at frame 50
⚠️ Warning: Depth video ended at frame 51
⚠️ Warning: Depth video ended at frame 52
⚠️ Warning: Depth video ended at frame 53
⚠️ Warning: Depth video ended at frame 54
⚠️ Warning: Depth video ended at frame 55
⚠️ Warning: Depth video ended at frame 56
⚠️ Warning: Depth video ended at frame 57
⚠️ Warning: Depth video ended at frame 58
⚠️ Warning: Depth video ended at frame 59
⚠️ Warning: Depth video ended at frame 60
⚠️ Warning: Depth video ended at frame 61
⚠️ Warning: Depth video ended at frame 62
⚠️ Warning: Depth video ended at frame 63
⚠️ Warning: Depth video ended at frame 64
⚠️ Warning: Depth video ended at frame 65
⚠️ Warning: Depth video ended at frame 66
⚠️ Warning: Depth video ended at frame 67
⚠️ Warning: Depth video ended at frame 68
⚠️ Warning: Depth video ended at frame 69
⚠️ Warning: Depth video ended at frame 70
⚠️ Warning: Depth video ended at frame 71
⚠️ Warning: Depth video ended at frame 72
⚠️ Warning: Depth video ended at frame 73
⚠️ Warning: Depth video ended at frame 74
⚠️ Warning: Depth video ended at frame 75
⚠️ Warning: Depth video ended at frame 76
⚠️ Warning: Depth video ended at frame 77
⚠️ Warning: Depth video ended at frame 78
⚠️ Warning: Depth video ended at frame 79
⚠️ Warning: Depth video ended at frame 80
⚠️ Warning: Depth video ended at frame 81
⚠️ Warning: Depth video ended at frame 82
⚠️ Warning: Depth video ended at frame 83
⚠️ Warning: Depth video ended at frame 84
⚠️ Warning: Depth video ended at frame 85
⚠️ Warning: Depth video ended at frame 86
⚠️ Warning: Depth video ended at frame 87
⚠️ Warning: Depth video ended at frame 88
⚠️ Warning: Depth video ended at frame 89
⚠️ Warning: Depth video ended at frame 90
⚠️ Warning: Depth video ended at frame 91
⚠️ Warning: Depth video ended at frame 92
⚠️ Warning: Depth video ended at frame 93
⚠️ Warning: Depth video ended at frame 94
⚠️ Warning: Depth video ended at frame 95
⚠️ Warning: Depth video ended at frame 96
⚠️ Warning: Depth video ended at frame 97
⚠️ Warning: Depth video ended at frame 98
⚠️ Warning: Depth video ended at frame 99
  Processed 100 frames | FPS: 41.71
⚠️ Warning: Depth video ended at frame 100
⚠️ Warning: Depth video ended at frame 101
⚠️ Warning: Depth video ended at frame 102
⚠️ Warning: Depth video ended at frame 103
⚠️ Warning: Depth video ended at frame 104
⚠️ Warning: Depth video ended at frame 105
⚠️ Warning: Depth video ended at frame 106
⚠️ Warning: Depth video ended at frame 107
⚠️ Warning: Depth video ended at frame 108
⚠️ Warning: Depth video ended at frame 109
⚠️ Warning: Depth video ended at frame 110
⚠️ Warning: Depth video ended at frame 111
⚠️ Warning: Depth video ended at frame 112
⚠️ Warning: Depth video ended at frame 113
⚠️ Warning: Depth video ended at frame 114
⚠️ Warning: Depth video ended at frame 115
⚠️ Warning: Depth video ended at frame 116
⚠️ Warning: Depth video ended at frame 117
⚠️ Warning: Depth video ended at frame 118
⚠️ Warning: Depth video ended at frame 119
⚠️ Warning: Depth video ended at frame 120
⚠️ Warning: Depth video ended at frame 121
⚠️ Warning: Depth video ended at frame 122
⚠️ Warning: Depth video ended at frame 123
⚠️ Warning: Depth video ended at frame 124
⚠️ Warning: Depth video ended at frame 125
⚠️ Warning: Depth video ended at frame 126
⚠️ Warning: Depth video ended at frame 127
⚠️ Warning: Depth video ended at frame 128
⚠️ Warning: Depth video ended at frame 129
⚠️ Warning: Depth video ended at frame 130
⚠️ Warning: Depth video ended at frame 131
⚠️ Warning: Depth video ended at frame 132
⚠️ Warning: Depth video ended at frame 133
⚠️ Warning: Depth video ended at frame 134
⚠️ Warning: Depth video ended at frame 135
⚠️ Warning: Depth video ended at frame 136
⚠️ Warning: Depth video ended at frame 137
⚠️ Warning: Depth video ended at frame 138
⚠️ Warning: Depth video ended at frame 139
⚠️ Warning: Depth video ended at frame 140
⚠️ Warning: Depth video ended at frame 141
⚠️ Warning: Depth video ended at frame 142
⚠️ Warning: Depth video ended at frame 143
⚠️ Warning: Depth video ended at frame 144
⚠️ Warning: Depth video ended at frame 145
⚠️ Warning: Depth video ended at frame 146
⚠️ Warning: Depth video ended at frame 147
⚠️ Warning: Depth video ended at frame 148
⚠️ Warning: Depth video ended at frame 149
⚠️ Warning: Depth video ended at frame 150
⚠️ Warning: Depth video ended at frame 151
⚠️ Warning: Depth video ended at frame 152
⚠️ Warning: Depth video ended at frame 153
⚠️ Warning: Depth video ended at frame 154
⚠️ Warning: Depth video ended at frame 155
⚠️ Warning: Depth video ended at frame 156
⚠️ Warning: Depth video ended at frame 157
⚠️ Warning: Depth video ended at frame 158
⚠️ Warning: Depth video ended at frame 159
⚠️ Warning: Depth video ended at frame 160
⚠️ Warning: Depth video ended at frame 161
⚠️ Warning: Depth video ended at frame 162
⚠️ Warning: Depth video ended at frame 163
⚠️ Warning: Depth video ended at frame 164
⚠️ Warning: Depth video ended at frame 165
⚠️ Warning: Depth video ended at frame 166
⚠️ Warning: Depth video ended at frame 167
⚠️ Warning: Depth video ended at frame 168
⚠️ Warning: Depth video ended at frame 169
⚠️ Warning: Depth video ended at frame 170
⚠️ Warning: Depth video ended at frame 171
⚠️ Warning: Depth video ended at frame 172
⚠️ Warning: Depth video ended at frame 173
⚠️ Warning: Depth video ended at frame 174
⚠️ Warning: Depth video ended at frame 175
⚠️ Warning: Depth video ended at frame 176
⚠️ Warning: Depth video ended at frame 177
⚠️ Warning: Depth video ended at frame 178
⚠️ Warning: Depth video ended at frame 179
⚠️ Warning: Depth video ended at frame 180
⚠️ Warning: Depth video ended at frame 181
⚠️ Warning: Depth video ended at frame 182
⚠️ Warning: Depth video ended at frame 183
⚠️ Warning: Depth video ended at frame 184
⚠️ Warning: Depth video ended at frame 185
⚠️ Warning: Depth video ended at frame 186
⚠️ Warning: Depth video ended at frame 187
⚠️ Warning: Depth video ended at frame 188
⚠️ Warning: Depth video ended at frame 189
⚠️ Warning: Depth video ended at frame 190
⚠️ Warning: Depth video ended at frame 191
⚠️ Warning: Depth video ended at frame 192
⚠️ Warning: Depth video ended at frame 193
⚠️ Warning: Depth video ended at frame 194
⚠️ Warning: Depth video ended at frame 195
⚠️ Warning: Depth video ended at frame 196
⚠️ Warning: Depth video ended at frame 197
⚠️ Warning: Depth video ended at frame 198
⚠️ Warning: Depth video ended at frame 199
  Processed 200 frames | FPS: 44.37
⚠️ Warning: Depth video ended at frame 200
⚠️ Warning: Depth video ended at frame 201
⚠️ Warning: Depth video ended at frame 202
⚠️ Warning: Depth video ended at frame 203
⚠️ Warning: Depth video ended at frame 204
⚠️ Warning: Depth video ended at frame 205
⚠️ Warning: Depth video ended at frame 206
⚠️ Warning: Depth video ended at frame 207
⚠️ Warning: Depth video ended at frame 208
⚠️ Warning: Depth video ended at frame 209
⚠️ Warning: Depth video ended at frame 210
⚠️ Warning: Depth video ended at frame 211
⚠️ Warning: Depth video ended at frame 212
⚠️ Warning: Depth video ended at frame 213
⚠️ Warning: Depth video ended at frame 214
⚠️ Warning: Depth video ended at frame 215
⚠️ Warning: Depth video ended at frame 216
⚠️ Warning: Depth video ended at frame 217
⚠️ Warning: Depth video ended at frame 218
⚠️ Warning: Depth video ended at frame 219
⚠️ Warning: Depth video ended at frame 220
⚠️ Warning: Depth video ended at frame 221
⚠️ Warning: Depth video ended at frame 222
⚠️ Warning: Depth video ended at frame 223
⚠️ Warning: Depth video ended at frame 224
⚠️ Warning: Depth video ended at frame 225
⚠️ Warning: Depth video ended at frame 226
⚠️ Warning: Depth video ended at frame 227
⚠️ Warning: Depth video ended at frame 228
⚠️ Warning: Depth video ended at frame 229
⚠️ Warning: Depth video ended at frame 230
⚠️ Warning: Depth video ended at frame 231
⚠️ Warning: Depth video ended at frame 232
⚠️ Warning: Depth video ended at frame 233
⚠️ Warning: Depth video ended at frame 234
⚠️ Warning: Depth video ended at frame 235
⚠️ Warning: Depth video ended at frame 236
⚠️ Warning: Depth video ended at frame 237
⚠️ Warning: Depth video ended at frame 238
⚠️ Warning: Depth video ended at frame 239
⚠️ Warning: Depth video ended at frame 240
⚠️ Warning: Depth video ended at frame 241
⚠️ Warning: Depth video ended at frame 242
⚠️ Warning: Depth video ended at frame 243
⚠️ Warning: Depth video ended at frame 244
⚠️ Warning: Depth video ended at frame 245
⚠️ Warning: Depth video ended at frame 246
⚠️ Warning: Depth video ended at frame 247
⚠️ Warning: Depth video ended at frame 248
⚠️ Warning: Depth video ended at frame 249
⚠️ Warning: Depth video ended at frame 250
⚠️ Warning: Depth video ended at frame 251
⚠️ Warning: Depth video ended at frame 252
⚠️ Warning: Depth video ended at frame 253
⚠️ Warning: Depth video ended at frame 254
⚠️ Warning: Depth video ended at frame 255
⚠️ Warning: Depth video ended at frame 256
⚠️ Warning: Depth video ended at frame 257
⚠️ Warning: Depth video ended at frame 258
⚠️ Warning: Depth video ended at frame 259
⚠️ Warning: Depth video ended at frame 260
⚠️ Warning: Depth video ended at frame 261
⚠️ Warning: Depth video ended at frame 262
⚠️ Warning: Depth video ended at frame 263
⚠️ Warning: Depth video ended at frame 264
⚠️ Warning: Depth video ended at frame 265
⚠️ Warning: Depth video ended at frame 266
⚠️ Warning: Depth video ended at frame 267
⚠️ Warning: Depth video ended at frame 268
⚠️ Warning: Depth video ended at frame 269
⚠️ Warning: Depth video ended at frame 270
⚠️ Warning: Depth video ended at frame 271
⚠️ Warning: Depth video ended at frame 272
⚠️ Warning: Depth video ended at frame 273
⚠️ Warning: Depth video ended at frame 274
⚠️ Warning: Depth video ended at frame 275
⚠️ Warning: Depth video ended at frame 276
⚠️ Warning: Depth video ended at frame 277
⚠️ Warning: Depth video ended at frame 278
⚠️ Warning: Depth video ended at frame 279
⚠️ Warning: Depth video ended at frame 280
⚠️ Warning: Depth video ended at frame 281
⚠️ Warning: Depth video ended at frame 282
⚠️ Warning: Depth video ended at frame 283
⚠️ Warning: Depth video ended at frame 284
⚠️ Warning: Depth video ended at frame 285
⚠️ Warning: Depth video ended at frame 286
⚠️ Warning: Depth video ended at frame 287
⚠️ Warning: Depth video ended at frame 288
⚠️ Warning: Depth video ended at frame 289
⚠️ Warning: Depth video ended at frame 290
⚠️ Warning: Depth video ended at frame 291
⚠️ Warning: Depth video ended at frame 292
⚠️ Warning: Depth video ended at frame 293
⚠️ Warning: Depth video ended at frame 294
⚠️ Warning: Depth video ended at frame 295
⚠️ Warning: Depth video ended at frame 296
⚠️ Warning: Depth video ended at frame 297
⚠️ Warning: Depth video ended at frame 298
⚠️ Warning: Depth video ended at frame 299
  Processed 300 frames | FPS: 45.44
⚠️ Warning: Depth video ended at frame 300
⚠️ Warning: Depth video ended at frame 301
⚠️ Warning: Depth video ended at frame 302
⚠️ Warning: Depth video ended at frame 303
⚠️ Warning: Depth video ended at frame 304
⚠️ Warning: Depth video ended at frame 305
⚠️ Warning: Depth video ended at frame 306
⚠️ Warning: Depth video ended at frame 307
⚠️ Warning: Depth video ended at frame 308
⚠️ Warning: Depth video ended at frame 309
⚠️ Warning: Depth video ended at frame 310
⚠️ Warning: Depth video ended at frame 311
⚠️ Warning: Depth video ended at frame 312
⚠️ Warning: Depth video ended at frame 313
⚠️ Warning: Depth video ended at frame 314
⚠️ Warning: Depth video ended at frame 315
⚠️ Warning: Depth video ended at frame 316
⚠️ Warning: Depth video ended at frame 317
⚠️ Warning: Depth video ended at frame 318
⚠️ Warning: Depth video ended at frame 319
⚠️ Warning: Depth video ended at frame 320
⚠️ Warning: Depth video ended at frame 321
⚠️ Warning: Depth video ended at frame 322
⚠️ Warning: Depth video ended at frame 323
⚠️ Warning: Depth video ended at frame 324
⚠️ Warning: Depth video ended at frame 325
⚠️ Warning: Depth video ended at frame 326
⚠️ Warning: Depth video ended at frame 327
⚠️ Warning: Depth video ended at frame 328
⚠️ Warning: Depth video ended at frame 329
⚠️ Warning: Depth video ended at frame 330
⚠️ Warning: Depth video ended at frame 331
⚠️ Warning: Depth video ended at frame 332
⚠️ Warning: Depth video ended at frame 333
⚠️ Warning: Depth video ended at frame 334
⚠️ Warning: Depth video ended at frame 335
⚠️ Warning: Depth video ended at frame 336
⚠️ Warning: Depth video ended at frame 337
⚠️ Warning: Depth video ended at frame 338
⚠️ Warning: Depth video ended at frame 339
⚠️ Warning: Depth video ended at frame 340
⚠️ Warning: Depth video ended at frame 341
⚠️ Warning: Depth video ended at frame 342
⚠️ Warning: Depth video ended at frame 343
⚠️ Warning: Depth video ended at frame 344
⚠️ Warning: Depth video ended at frame 345
⚠️ Warning: Depth video ended at frame 346
⚠️ Warning: Depth video ended at frame 347
⚠️ Warning: Depth video ended at frame 348
⚠️ Warning: Depth video ended at frame 349
⚠️ Warning: Depth video ended at frame 350
⚠️ Warning: Depth video ended at frame 351
⚠️ Warning: Depth video ended at frame 352
⚠️ Warning: Depth video ended at frame 353
⚠️ Warning: Depth video ended at frame 354
⚠️ Warning: Depth video ended at frame 355
⚠️ Warning: Depth video ended at frame 356
⚠️ Warning: Depth video ended at frame 357
⚠️ Warning: Depth video ended at frame 358
⚠️ Warning: Depth video ended at frame 359
⚠️ Warning: Depth video ended at frame 360
⚠️ Warning: Depth video ended at frame 361
⚠️ Warning: Depth video ended at frame 362
⚠️ Warning: Depth video ended at frame 363
⚠️ Warning: Depth video ended at frame 364
⚠️ Warning: Depth video ended at frame 365
⚠️ Warning: Depth video ended at frame 366
⚠️ Warning: Depth video ended at frame 367
⚠️ Warning: Depth video ended at frame 368
⚠️ Warning: Depth video ended at frame 369
⚠️ Warning: Depth video ended at frame 370
⚠️ Warning: Depth video ended at frame 371
⚠️ Warning: Depth video ended at frame 372
⚠️ Warning: Depth video ended at frame 373
⚠️ Warning: Depth video ended at frame 374
⚠️ Warning: Depth video ended at frame 375
⚠️ Warning: Depth video ended at frame 376
⚠️ Warning: Depth video ended at frame 377
⚠️ Warning: Depth video ended at frame 378
⚠️ Warning: Depth video ended at frame 379
⚠️ Warning: Depth video ended at frame 380
⚠️ Warning: Depth video ended at frame 381
⚠️ Warning: Depth video ended at frame 382
⚠️ Warning: Depth video ended at frame 383
⚠️ Warning: Depth video ended at frame 384
⚠️ Warning: Depth video ended at frame 385
⚠️ Warning: Depth video ended at frame 386
⚠️ Warning: Depth video ended at frame 387
⚠️ Warning: Depth video ended at frame 388
⚠️ Warning: Depth video ended at frame 389
⚠️ Warning: Depth video ended at frame 390
⚠️ Warning: Depth video ended at frame 391
⚠️ Warning: Depth video ended at frame 392
⚠️ Warning: Depth video ended at frame 393
⚠️ Warning: Depth video ended at frame 394
⚠️ Warning: Depth video ended at frame 395
⚠️ Warning: Depth video ended at frame 396
⚠️ Warning: Depth video ended at frame 397
⚠️ Warning: Depth video ended at frame 398
⚠️ Warning: Depth video ended at frame 399
  Processed 400 frames | FPS: 46.15
⚠️ Warning: Depth video ended at frame 400
⚠️ Warning: Depth video ended at frame 401
⚠️ Warning: Depth video ended at frame 402
⚠️ Warning: Depth video ended at frame 403
⚠️ Warning: Depth video ended at frame 404
⚠️ Warning: Depth video ended at frame 405
⚠️ Warning: Depth video ended at frame 406
⚠️ Warning: Depth video ended at frame 407
⚠️ Warning: Depth video ended at frame 408
⚠️ Warning: Depth video ended at frame 409
⚠️ Warning: Depth video ended at frame 410
⚠️ Warning: Depth video ended at frame 411
⚠️ Warning: Depth video ended at frame 412
⚠️ Warning: Depth video ended at frame 413
⚠️ Warning: Depth video ended at frame 414
⚠️ Warning: Depth video ended at frame 415
⚠️ Warning: Depth video ended at frame 416
⚠️ Warning: Depth video ended at frame 417
⚠️ Warning: Depth video ended at frame 418
⚠️ Warning: Depth video ended at frame 419
⚠️ Warning: Depth video ended at frame 420
⚠️ Warning: Depth video ended at frame 421
⚠️ Warning: Depth video ended at frame 422
⚠️ Warning: Depth video ended at frame 423
⚠️ Warning: Depth video ended at frame 424
⚠️ Warning: Depth video ended at frame 425
⚠️ Warning: Depth video ended at frame 426
⚠️ Warning: Depth video ended at frame 427
⚠️ Warning: Depth video ended at frame 428
⚠️ Warning: Depth video ended at frame 429
⚠️ Warning: Depth video ended at frame 430
⚠️ Warning: Depth video ended at frame 431
⚠️ Warning: Depth video ended at frame 432
⚠️ Warning: Depth video ended at frame 433
⚠️ Warning: Depth video ended at frame 434
⚠️ Warning: Depth video ended at frame 435
⚠️ Warning: Depth video ended at frame 436
⚠️ Warning: Depth video ended at frame 437
⚠️ Warning: Depth video ended at frame 438
⚠️ Warning: Depth video ended at frame 439
⚠️ Warning: Depth video ended at frame 440
⚠️ Warning: Depth video ended at frame 441
⚠️ Warning: Depth video ended at frame 442
⚠️ Warning: Depth video ended at frame 443
⚠️ Warning: Depth video ended at frame 444
⚠️ Warning: Depth video ended at frame 445
⚠️ Warning: Depth video ended at frame 446
⚠️ Warning: Depth video ended at frame 447
⚠️ Warning: Depth video ended at frame 448
⚠️ Warning: Depth video ended at frame 449
⚠️ Warning: Depth video ended at frame 450
⚠️ Warning: Depth video ended at frame 451
⚠️ Warning: Depth video ended at frame 452
⚠️ Warning: Depth video ended at frame 453
⚠️ Warning: Depth video ended at frame 454
⚠️ Warning: Depth video ended at frame 455
⚠️ Warning: Depth video ended at frame 456
⚠️ Warning: Depth video ended at frame 457
⚠️ Warning: Depth video ended at frame 458
⚠️ Warning: Depth video ended at frame 459
⚠️ Warning: Depth video ended at frame 460
⚠️ Warning: Depth video ended at frame 461
⚠️ Warning: Depth video ended at frame 462
⚠️ Warning: Depth video ended at frame 463
⚠️ Warning: Depth video ended at frame 464
⚠️ Warning: Depth video ended at frame 465
⚠️ Warning: Depth video ended at frame 466
⚠️ Warning: Depth video ended at frame 467
⚠️ Warning: Depth video ended at frame 468
⚠️ Warning: Depth video ended at frame 469
⚠️ Warning: Depth video ended at frame 470
⚠️ Warning: Depth video ended at frame 471
⚠️ Warning: Depth video ended at frame 472
⚠️ Warning: Depth video ended at frame 473
⚠️ Warning: Depth video ended at frame 474
⚠️ Warning: Depth video ended at frame 475
⚠️ Warning: Depth video ended at frame 476
⚠️ Warning: Depth video ended at frame 477
⚠️ Warning: Depth video ended at frame 478
⚠️ Warning: Depth video ended at frame 479
⚠️ Warning: Depth video ended at frame 480
⚠️ Warning: Depth video ended at frame 481
⚠️ Warning: Depth video ended at frame 482
⚠️ Warning: Depth video ended at frame 483
⚠️ Warning: Depth video ended at frame 484
⚠️ Warning: Depth video ended at frame 485
⚠️ Warning: Depth video ended at frame 486
⚠️ Warning: Depth video ended at frame 487
⚠️ Warning: Depth video ended at frame 488
⚠️ Warning: Depth video ended at frame 489
⚠️ Warning: Depth video ended at frame 490
⚠️ Warning: Depth video ended at frame 491
⚠️ Warning: Depth video ended at frame 492
⚠️ Warning: Depth video ended at frame 493
⚠️ Warning: Depth video ended at frame 494
⚠️ Warning: Depth video ended at frame 495
⚠️ Warning: Depth video ended at frame 496
⚠️ Warning: Depth video ended at frame 497
⚠️ Warning: Depth video ended at frame 498
⚠️ Warning: Depth video ended at frame 499
  Processed 500 frames | FPS: 45.80
⚠️ Warning: Depth video ended at frame 500
⚠️ Warning: Depth video ended at frame 501
⚠️ Warning: Depth video ended at frame 502
⚠️ Warning: Depth video ended at frame 503
⚠️ Warning: Depth video ended at frame 504
⚠️ Warning: Depth video ended at frame 505
⚠️ Warning: Depth video ended at frame 506
⚠️ Warning: Depth video ended at frame 507
⚠️ Warning: Depth video ended at frame 508
⚠️ Warning: Depth video ended at frame 509
⚠️ Warning: Depth video ended at frame 510
⚠️ Warning: Depth video ended at frame 511
⚠️ Warning: Depth video ended at frame 512
⚠️ Warning: Depth video ended at frame 513
⚠️ Warning: Depth video ended at frame 514
⚠️ Warning: Depth video ended at frame 515
⚠️ Warning: Depth video ended at frame 516
⚠️ Warning: Depth video ended at frame 517
⚠️ Warning: Depth video ended at frame 518
⚠️ Warning: Depth video ended at frame 519
⚠️ Warning: Depth video ended at frame 520
⚠️ Warning: Depth video ended at frame 521
⚠️ Warning: Depth video ended at frame 522
⚠️ Warning: Depth video ended at frame 523
⚠️ Warning: Depth video ended at frame 524
⚠️ Warning: Depth video ended at frame 525
⚠️ Warning: Depth video ended at frame 526
⚠️ Warning: Depth video ended at frame 527
⚠️ Warning: Depth video ended at frame 528
⚠️ Warning: Depth video ended at frame 529
⚠️ Warning: Depth video ended at frame 530
⚠️ Warning: Depth video ended at frame 531
⚠️ Warning: Depth video ended at frame 532
⚠️ Warning: Depth video ended at frame 533
⚠️ Warning: Depth video ended at frame 534
⚠️ Warning: Depth video ended at frame 535
⚠️ Warning: Depth video ended at frame 536
⚠️ Warning: Depth video ended at frame 537
⚠️ Warning: Depth video ended at frame 538
⚠️ Warning: Depth video ended at frame 539
⚠️ Warning: Depth video ended at frame 540
⚠️ Warning: Depth video ended at frame 541
⚠️ Warning: Depth video ended at frame 542
⚠️ Warning: Depth video ended at frame 543
⚠️ Warning: Depth video ended at frame 544
⚠️ Warning: Depth video ended at frame 545
⚠️ Warning: Depth video ended at frame 546
⚠️ Warning: Depth video ended at frame 547
⚠️ Warning: Depth video ended at frame 548
⚠️ Warning: Depth video ended at frame 549
⚠️ Warning: Depth video ended at frame 550
⚠️ Warning: Depth video ended at frame 551
⚠️ Warning: Depth video ended at frame 552
⚠️ Warning: Depth video ended at frame 553
⚠️ Warning: Depth video ended at frame 554
⚠️ Warning: Depth video ended at frame 555
⚠️ Warning: Depth video ended at frame 556
⚠️ Warning: Depth video ended at frame 557
⚠️ Warning: Depth video ended at frame 558
⚠️ Warning: Depth video ended at frame 559
⚠️ Warning: Depth video ended at frame 560
⚠️ Warning: Depth video ended at frame 561
⚠️ Warning: Depth video ended at frame 562
⚠️ Warning: Depth video ended at frame 563
⚠️ Warning: Depth video ended at frame 564
⚠️ Warning: Depth video ended at frame 565
⚠️ Warning: Depth video ended at frame 566
⚠️ Warning: Depth video ended at frame 567
⚠️ Warning: Depth video ended at frame 568
⚠️ Warning: Depth video ended at frame 569
⚠️ Warning: Depth video ended at frame 570
⚠️ Warning: Depth video ended at frame 571
⚠️ Warning: Depth video ended at frame 572
⚠️ Warning: Depth video ended at frame 573
⚠️ Warning: Depth video ended at frame 574
⚠️ Warning: Depth video ended at frame 575
⚠️ Warning: Depth video ended at frame 576
⚠️ Warning: Depth video ended at frame 577
⚠️ Warning: Depth video ended at frame 578
⚠️ Warning: Depth video ended at frame 579
⚠️ Warning: Depth video ended at frame 580
⚠️ Warning: Depth video ended at frame 581
⚠️ Warning: Depth video ended at frame 582
⚠️ Warning: Depth video ended at frame 583
⚠️ Warning: Depth video ended at frame 584
⚠️ Warning: Depth video ended at frame 585
⚠️ Warning: Depth video ended at frame 586
⚠️ Warning: Depth video ended at frame 587
⚠️ Warning: Depth video ended at frame 588
⚠️ Warning: Depth video ended at frame 589
⚠️ Warning: Depth video ended at frame 590
⚠️ Warning: Depth video ended at frame 591
⚠️ Warning: Depth video ended at frame 592
⚠️ Warning: Depth video ended at frame 593
⚠️ Warning: Depth video ended at frame 594
⚠️ Warning: Depth video ended at frame 595
⚠️ Warning: Depth video ended at frame 596
⚠️ Warning: Depth video ended at frame 597
⚠️ Warning: Depth video ended at frame 598
⚠️ Warning: Depth video ended at frame 599
  Processed 600 frames | FPS: 45.59
⚠️ Warning: Depth video ended at frame 600
⚠️ Warning: Depth video ended at frame 601
⚠️ Warning: Depth video ended at frame 602
⚠️ Warning: Depth video ended at frame 603
⚠️ Warning: Depth video ended at frame 604
⚠️ Warning: Depth video ended at frame 605
⚠️ Warning: Depth video ended at frame 606
⚠️ Warning: Depth video ended at frame 607
⚠️ Warning: Depth video ended at frame 608
⚠️ Warning: Depth video ended at frame 609
⚠️ Warning: Depth video ended at frame 610
⚠️ Warning: Depth video ended at frame 611
⚠️ Warning: Depth video ended at frame 612
⚠️ Warning: Depth video ended at frame 613
⚠️ Warning: Depth video ended at frame 614
⚠️ Warning: Depth video ended at frame 615
⚠️ Warning: Depth video ended at frame 616
⚠️ Warning: Depth video ended at frame 617
⚠️ Warning: Depth video ended at frame 618
⚠️ Warning: Depth video ended at frame 619
⚠️ Warning: Depth video ended at frame 620
⚠️ Warning: Depth video ended at frame 621
⚠️ Warning: Depth video ended at frame 622
⚠️ Warning: Depth video ended at frame 623
⚠️ Warning: Depth video ended at frame 624
⚠️ Warning: Depth video ended at frame 625
⚠️ Warning: Depth video ended at frame 626
⚠️ Warning: Depth video ended at frame 627
⚠️ Warning: Depth video ended at frame 628
⚠️ Warning: Depth video ended at frame 629
⚠️ Warning: Depth video ended at frame 630
⚠️ Warning: Depth video ended at frame 631
⚠️ Warning: Depth video ended at frame 632
⚠️ Warning: Depth video ended at frame 633
⚠️ Warning: Depth video ended at frame 634
⚠️ Warning: Depth video ended at frame 635
⚠️ Warning: Depth video ended at frame 636
⚠️ Warning: Depth video ended at frame 637
⚠️ Warning: Depth video ended at frame 638
⚠️ Warning: Depth video ended at frame 639
⚠️ Warning: Depth video ended at frame 640
⚠️ Warning: Depth video ended at frame 641
⚠️ Warning: Depth video ended at frame 642
⚠️ Warning: Depth video ended at frame 643
⚠️ Warning: Depth video ended at frame 644
⚠️ Warning: Depth video ended at frame 645
⚠️ Warning: Depth video ended at frame 646
⚠️ Warning: Depth video ended at frame 647
⚠️ Warning: Depth video ended at frame 648
⚠️ Warning: Depth video ended at frame 649
⚠️ Warning: Depth video ended at frame 650
⚠️ Warning: Depth video ended at frame 651
⚠️ Warning: Depth video ended at frame 652
⚠️ Warning: Depth video ended at frame 653
⚠️ Warning: Depth video ended at frame 654
⚠️ Warning: Depth video ended at frame 655
⚠️ Warning: Depth video ended at frame 656
⚠️ Warning: Depth video ended at frame 657
⚠️ Warning: Depth video ended at frame 658
⚠️ Warning: Depth video ended at frame 659
⚠️ Warning: Depth video ended at frame 660
⚠️ Warning: Depth video ended at frame 661
⚠️ Warning: Depth video ended at frame 662
⚠️ Warning: Depth video ended at frame 663
⚠️ Warning: Depth video ended at frame 664
⚠️ Warning: Depth video ended at frame 665
⚠️ Warning: Depth video ended at frame 666
⚠️ Warning: Depth video ended at frame 667
⚠️ Warning: Depth video ended at frame 668
⚠️ Warning: Depth video ended at frame 669
⚠️ Warning: Depth video ended at frame 670
⚠️ Warning: Depth video ended at frame 671
⚠️ Warning: Depth video ended at frame 672
⚠️ Warning: Depth video ended at frame 673
⚠️ Warning: Depth video ended at frame 674
⚠️ Warning: Depth video ended at frame 675
⚠️ Warning: Depth video ended at frame 676
⚠️ Warning: Depth video ended at frame 677
⚠️ Warning: Depth video ended at frame 678
⚠️ Warning: Depth video ended at frame 679
⚠️ Warning: Depth video ended at frame 680
⚠️ Warning: Depth video ended at frame 681
⚠️ Warning: Depth video ended at frame 682
⚠️ Warning: Depth video ended at frame 683
⚠️ Warning: Depth video ended at frame 684
⚠️ Warning: Depth video ended at frame 685
⚠️ Warning: Depth video ended at frame 686
⚠️ Warning: Depth video ended at frame 687
⚠️ Warning: Depth video ended at frame 688
⚠️ Warning: Depth video ended at frame 689
⚠️ Warning: Depth video ended at frame 690
⚠️ Warning: Depth video ended at frame 691
⚠️ Warning: Depth video ended at frame 692
⚠️ Warning: Depth video ended at frame 693
⚠️ Warning: Depth video ended at frame 694
⚠️ Warning: Depth video ended at frame 695
⚠️ Warning: Depth video ended at frame 696
⚠️ Warning: Depth video ended at frame 697
⚠️ Warning: Depth video ended at frame 698
⚠️ Warning: Depth video ended at frame 699
  Processed 700 frames | FPS: 45.92
⚠️ Warning: Depth video ended at frame 700
⚠️ Warning: Depth video ended at frame 701
⚠️ Warning: Depth video ended at frame 702
⚠️ Warning: Depth video ended at frame 703
⚠️ Warning: Depth video ended at frame 704
⚠️ Warning: Depth video ended at frame 705
⚠️ Warning: Depth video ended at frame 706
⚠️ Warning: Depth video ended at frame 707
⚠️ Warning: Depth video ended at frame 708
⚠️ Warning: Depth video ended at frame 709
⚠️ Warning: Depth video ended at frame 710
⚠️ Warning: Depth video ended at frame 711
⚠️ Warning: Depth video ended at frame 712
⚠️ Warning: Depth video ended at frame 713
⚠️ Warning: Depth video ended at frame 714
⚠️ Warning: Depth video ended at frame 715
⚠️ Warning: Depth video ended at frame 716
⚠️ Warning: Depth video ended at frame 717
⚠️ Warning: Depth video ended at frame 718
⚠️ Warning: Depth video ended at frame 719
⚠️ Warning: Depth video ended at frame 720
⚠️ Warning: Depth video ended at frame 721
⚠️ Warning: Depth video ended at frame 722
⚠️ Warning: Depth video ended at frame 723
⚠️ Warning: Depth video ended at frame 724
⚠️ Warning: Depth video ended at frame 725
⚠️ Warning: Depth video ended at frame 726
⚠️ Warning: Depth video ended at frame 727
⚠️ Warning: Depth video ended at frame 728
⚠️ Warning: Depth video ended at frame 729
⚠️ Warning: Depth video ended at frame 730
⚠️ Warning: Depth video ended at frame 731
⚠️ Warning: Depth video ended at frame 732
⚠️ Warning: Depth video ended at frame 733
⚠️ Warning: Depth video ended at frame 734
⚠️ Warning: Depth video ended at frame 735
⚠️ Warning: Depth video ended at frame 736
⚠️ Warning: Depth video ended at frame 737
⚠️ Warning: Depth video ended at frame 738
⚠️ Warning: Depth video ended at frame 739
⚠️ Warning: Depth video ended at frame 740
⚠️ Warning: Depth video ended at frame 741
⚠️ Warning: Depth video ended at frame 742
⚠️ Warning: Depth video ended at frame 743
⚠️ Warning: Depth video ended at frame 744
⚠️ Warning: Depth video ended at frame 745
⚠️ Warning: Depth video ended at frame 746
⚠️ Warning: Depth video ended at frame 747
⚠️ Warning: Depth video ended at frame 748
⚠️ Warning: Depth video ended at frame 749
⚠️ Warning: Depth video ended at frame 750
⚠️ Warning: Depth video ended at frame 751
⚠️ Warning: Depth video ended at frame 752
⚠️ Warning: Depth video ended at frame 753
⚠️ Warning: Depth video ended at frame 754
⚠️ Warning: Depth video ended at frame 755
⚠️ Warning: Depth video ended at frame 756
⚠️ Warning: Depth video ended at frame 757
⚠️ Warning: Depth video ended at frame 758
⚠️ Warning: Depth video ended at frame 759
⚠️ Warning: Depth video ended at frame 760
⚠️ Warning: Depth video ended at frame 761
⚠️ Warning: Depth video ended at frame 762
⚠️ Warning: Depth video ended at frame 763
⚠️ Warning: Depth video ended at frame 764
⚠️ Warning: Depth video ended at frame 765
⚠️ Warning: Depth video ended at frame 766
⚠️ Warning: Depth video ended at frame 767
⚠️ Warning: Depth video ended at frame 768
⚠️ Warning: Depth video ended at frame 769
⚠️ Warning: Depth video ended at frame 770
⚠️ Warning: Depth video ended at frame 771
⚠️ Warning: Depth video ended at frame 772
⚠️ Warning: Depth video ended at frame 773
⚠️ Warning: Depth video ended at frame 774
⚠️ Warning: Depth video ended at frame 775
⚠️ Warning: Depth video ended at frame 776
⚠️ Warning: Depth video ended at frame 777
⚠️ Warning: Depth video ended at frame 778
⚠️ Warning: Depth video ended at frame 779
⚠️ Warning: Depth video ended at frame 780
⚠️ Warning: Depth video ended at frame 781
⚠️ Warning: Depth video ended at frame 782
⚠️ Warning: Depth video ended at frame 783
⚠️ Warning: Depth video ended at frame 784
⚠️ Warning: Depth video ended at frame 785
⚠️ Warning: Depth video ended at frame 786
⚠️ Warning: Depth video ended at frame 787
⚠️ Warning: Depth video ended at frame 788
⚠️ Warning: Depth video ended at frame 789
⚠️ Warning: Depth video ended at frame 790
⚠️ Warning: Depth video ended at frame 791
⚠️ Warning: Depth video ended at frame 792
⚠️ Warning: Depth video ended at frame 793
⚠️ Warning: Depth video ended at frame 794
⚠️ Warning: Depth video ended at frame 795
⚠️ Warning: Depth video ended at frame 796
⚠️ Warning: Depth video ended at frame 797
⚠️ Warning: Depth video ended at frame 798
⚠️ Warning: Depth video ended at frame 799
  Processed 800 frames | FPS: 46.85
⚠️ Warning: Depth video ended at frame 800
⚠️ Warning: Depth video ended at frame 801
⚠️ Warning: Depth video ended at frame 802
⚠️ Warning: Depth video ended at frame 803
⚠️ Warning: Depth video ended at frame 804
⚠️ Warning: Depth video ended at frame 805
⚠️ Warning: Depth video ended at frame 806
⚠️ Warning: Depth video ended at frame 807
⚠️ Warning: Depth video ended at frame 808
⚠️ Warning: Depth video ended at frame 809
⚠️ Warning: Depth video ended at frame 810
⚠️ Warning: Depth video ended at frame 811
⚠️ Warning: Depth video ended at frame 812
⚠️ Warning: Depth video ended at frame 813
⚠️ Warning: Depth video ended at frame 814
⚠️ Warning: Depth video ended at frame 815
⚠️ Warning: Depth video ended at frame 816
⚠️ Warning: Depth video ended at frame 817
⚠️ Warning: Depth video ended at frame 818
⚠️ Warning: Depth video ended at frame 819
⚠️ Warning: Depth video ended at frame 820
⚠️ Warning: Depth video ended at frame 821
⚠️ Warning: Depth video ended at frame 822
⚠️ Warning: Depth video ended at frame 823
⚠️ Warning: Depth video ended at frame 824
⚠️ Warning: Depth video ended at frame 825
⚠️ Warning: Depth video ended at frame 826
⚠️ Warning: Depth video ended at frame 827
⚠️ Warning: Depth video ended at frame 828
⚠️ Warning: Depth video ended at frame 829
⚠️ Warning: Depth video ended at frame 830
⚠️ Warning: Depth video ended at frame 831
⚠️ Warning: Depth video ended at frame 832
⚠️ Warning: Depth video ended at frame 833
⚠️ Warning: Depth video ended at frame 834
⚠️ Warning: Depth video ended at frame 835
⚠️ Warning: Depth video ended at frame 836
⚠️ Warning: Depth video ended at frame 837
⚠️ Warning: Depth video ended at frame 838
⚠️ Warning: Depth video ended at frame 839
⚠️ Warning: Depth video ended at frame 840
⚠️ Warning: Depth video ended at frame 841
⚠️ Warning: Depth video ended at frame 842
⚠️ Warning: Depth video ended at frame 843
⚠️ Warning: Depth video ended at frame 844
⚠️ Warning: Depth video ended at frame 845
⚠️ Warning: Depth video ended at frame 846
⚠️ Warning: Depth video ended at frame 847
⚠️ Warning: Depth video ended at frame 848
⚠️ Warning: Depth video ended at frame 849
⚠️ Warning: Depth video ended at frame 850
⚠️ Warning: Depth video ended at frame 851
⚠️ Warning: Depth video ended at frame 852
⚠️ Warning: Depth video ended at frame 853
⚠️ Warning: Depth video ended at frame 854
⚠️ Warning: Depth video ended at frame 855
⚠️ Warning: Depth video ended at frame 856
⚠️ Warning: Depth video ended at frame 857
⚠️ Warning: Depth video ended at frame 858
⚠️ Warning: Depth video ended at frame 859
⚠️ Warning: Depth video ended at frame 860
⚠️ Warning: Depth video ended at frame 861
⚠️ Warning: Depth video ended at frame 862
⚠️ Warning: Depth video ended at frame 863
⚠️ Warning: Depth video ended at frame 864
⚠️ Warning: Depth video ended at frame 865
⚠️ Warning: Depth video ended at frame 866
⚠️ Warning: Depth video ended at frame 867
⚠️ Warning: Depth video ended at frame 868
⚠️ Warning: Depth video ended at frame 869
⚠️ Warning: Depth video ended at frame 870
⚠️ Warning: Depth video ended at frame 871
⚠️ Warning: Depth video ended at frame 872
⚠️ Warning: Depth video ended at frame 873
⚠️ Warning: Depth video ended at frame 874
⚠️ Warning: Depth video ended at frame 875
⚠️ Warning: Depth video ended at frame 876
⚠️ Warning: Depth video ended at frame 877
⚠️ Warning: Depth video ended at frame 878
⚠️ Warning: Depth video ended at frame 879
⚠️ Warning: Depth video ended at frame 880
⚠️ Warning: Depth video ended at frame 881
⚠️ Warning: Depth video ended at frame 882
⚠️ Warning: Depth video ended at frame 883
⚠️ Warning: Depth video ended at frame 884
⚠️ Warning: Depth video ended at frame 885
⚠️ Warning: Depth video ended at frame 886
⚠️ Warning: Depth video ended at frame 887
⚠️ Warning: Depth video ended at frame 888
⚠️ Warning: Depth video ended at frame 889
⚠️ Warning: Depth video ended at frame 890
⚠️ Warning: Depth video ended at frame 891
⚠️ Warning: Depth video ended at frame 892
⚠️ Warning: Depth video ended at frame 893
⚠️ Warning: Depth video ended at frame 894
⚠️ Warning: Depth video ended at frame 895
⚠️ Warning: Depth video ended at frame 896
⚠️ Warning: Depth video ended at frame 897
⚠️ Warning: Depth video ended at frame 898
⚠️ Warning: Depth video ended at frame 899
  Processed 900 frames | FPS: 47.98
⚠️ Warning: Depth video ended at frame 900
⚠️ Warning: Depth video ended at frame 901
⚠️ Warning: Depth video ended at frame 902
⚠️ Warning: Depth video ended at frame 903
⚠️ Warning: Depth video ended at frame 904
⚠️ Warning: Depth video ended at frame 905
⚠️ Warning: Depth video ended at frame 906
⚠️ Warning: Depth video ended at frame 907
⚠️ Warning: Depth video ended at frame 908
⚠️ Warning: Depth video ended at frame 909
⚠️ Warning: Depth video ended at frame 910
⚠️ Warning: Depth video ended at frame 911
⚠️ Warning: Depth video ended at frame 912
⚠️ Warning: Depth video ended at frame 913
⚠️ Warning: Depth video ended at frame 914
⚠️ Warning: Depth video ended at frame 915
⚠️ Warning: Depth video ended at frame 916
⚠️ Warning: Depth video ended at frame 917
⚠️ Warning: Depth video ended at frame 918
⚠️ Warning: Depth video ended at frame 919
⚠️ Warning: Depth video ended at frame 920
⚠️ Warning: Depth video ended at frame 921
⚠️ Warning: Depth video ended at frame 922
⚠️ Warning: Depth video ended at frame 923
⚠️ Warning: Depth video ended at frame 924
⚠️ Warning: Depth video ended at frame 925
⚠️ Warning: Depth video ended at frame 926
⚠️ Warning: Depth video ended at frame 927
⚠️ Warning: Depth video ended at frame 928
⚠️ Warning: Depth video ended at frame 929
⚠️ Warning: Depth video ended at frame 930
⚠️ Warning: Depth video ended at frame 931
⚠️ Warning: Depth video ended at frame 932
⚠️ Warning: Depth video ended at frame 933
⚠️ Warning: Depth video ended at frame 934
⚠️ Warning: Depth video ended at frame 935
⚠️ Warning: Depth video ended at frame 936
⚠️ Warning: Depth video ended at frame 937
⚠️ Warning: Depth video ended at frame 938
⚠️ Warning: Depth video ended at frame 939
⚠️ Warning: Depth video ended at frame 940
⚠️ Warning: Depth video ended at frame 941
⚠️ Warning: Depth video ended at frame 942
⚠️ Warning: Depth video ended at frame 943
⚠️ Warning: Depth video ended at frame 944
⚠️ Warning: Depth video ended at frame 945
⚠️ Warning: Depth video ended at frame 946
⚠️ Warning: Depth video ended at frame 947
⚠️ Warning: Depth video ended at frame 948
⚠️ Warning: Depth video ended at frame 949
⚠️ Warning: Depth video ended at frame 950
⚠️ Warning: Depth video ended at frame 951
⚠️ Warning: Depth video ended at frame 952
⚠️ Warning: Depth video ended at frame 953
⚠️ Warning: Depth video ended at frame 954
⚠️ Warning: Depth video ended at frame 955
⚠️ Warning: Depth video ended at frame 956
⚠️ Warning: Depth video ended at frame 957
⚠️ Warning: Depth video ended at frame 958
⚠️ Warning: Depth video ended at frame 959
⚠️ Warning: Depth video ended at frame 960
⚠️ Warning: Depth video ended at frame 961
⚠️ Warning: Depth video ended at frame 962
⚠️ Warning: Depth video ended at frame 963
⚠️ Warning: Depth video ended at frame 964
⚠️ Warning: Depth video ended at frame 965
⚠️ Warning: Depth video ended at frame 966
⚠️ Warning: Depth video ended at frame 967
⚠️ Warning: Depth video ended at frame 968
⚠️ Warning: Depth video ended at frame 969
⚠️ Warning: Depth video ended at frame 970
⚠️ Warning: Depth video ended at frame 971
⚠️ Warning: Depth video ended at frame 972
⚠️ Warning: Depth video ended at frame 973
⚠️ Warning: Depth video ended at frame 974
⚠️ Warning: Depth video ended at frame 975
⚠️ Warning: Depth video ended at frame 976
⚠️ Warning: Depth video ended at frame 977
⚠️ Warning: Depth video ended at frame 978
⚠️ Warning: Depth video ended at frame 979
⚠️ Warning: Depth video ended at frame 980
⚠️ Warning: Depth video ended at frame 981
⚠️ Warning: Depth video ended at frame 982
⚠️ Warning: Depth video ended at frame 983
⚠️ Warning: Depth video ended at frame 984
⚠️ Warning: Depth video ended at frame 985
⚠️ Warning: Depth video ended at frame 986
⚠️ Warning: Depth video ended at frame 987
⚠️ Warning: Depth video ended at frame 988
⚠️ Warning: Depth video ended at frame 989
⚠️ Warning: Depth video ended at frame 990
⚠️ Warning: Depth video ended at frame 991
⚠️ Warning: Depth video ended at frame 992
⚠️ Warning: Depth video ended at frame 993
⚠️ Warning: Depth video ended at frame 994
⚠️ Warning: Depth video ended at frame 995
⚠️ Warning: Depth video ended at frame 996
⚠️ Warning: Depth video ended at frame 997
⚠️ Warning: Depth video ended at frame 998
⚠️ Warning: Depth video ended at frame 999
  Processed 1000 frames | FPS: 48.68
⚠️ Warning: Depth video ended at frame 1000
⚠️ Warning: Depth video ended at frame 1001
⚠️ Warning: Depth video ended at frame 1002
⚠️ Warning: Depth video ended at frame 1003
⚠️ Warning: Depth video ended at frame 1004
⚠️ Warning: Depth video ended at frame 1005
⚠️ Warning: Depth video ended at frame 1006
⚠️ Warning: Depth video ended at frame 1007
⚠️ Warning: Depth video ended at frame 1008
⚠️ Warning: Depth video ended at frame 1009
⚠️ Warning: Depth video ended at frame 1010
⚠️ Warning: Depth video ended at frame 1011
⚠️ Warning: Depth video ended at frame 1012
⚠️ Warning: Depth video ended at frame 1013
⚠️ Warning: Depth video ended at frame 1014
⚠️ Warning: Depth video ended at frame 1015
⚠️ Warning: Depth video ended at frame 1016
⚠️ Warning: Depth video ended at frame 1017
⚠️ Warning: Depth video ended at frame 1018
⚠️ Warning: Depth video ended at frame 1019
⚠️ Warning: Depth video ended at frame 1020
⚠️ Warning: Depth video ended at frame 1021
⚠️ Warning: Depth video ended at frame 1022
⚠️ Warning: Depth video ended at frame 1023
⚠️ Warning: Depth video ended at frame 1024
⚠️ Warning: Depth video ended at frame 1025
⚠️ Warning: Depth video ended at frame 1026
⚠️ Warning: Depth video ended at frame 1027
⚠️ Warning: Depth video ended at frame 1028
⚠️ Warning: Depth video ended at frame 1029
⚠️ Warning: Depth video ended at frame 1030
⚠️ Warning: Depth video ended at frame 1031
⚠️ Warning: Depth video ended at frame 1032
⚠️ Warning: Depth video ended at frame 1033
⚠️ Warning: Depth video ended at frame 1034
⚠️ Warning: Depth video ended at frame 1035
⚠️ Warning: Depth video ended at frame 1036
⚠️ Warning: Depth video ended at frame 1037
⚠️ Warning: Depth video ended at frame 1038
⚠️ Warning: Depth video ended at frame 1039
⚠️ Warning: Depth video ended at frame 1040
⚠️ Warning: Depth video ended at frame 1041
⚠️ Warning: Depth video ended at frame 1042
⚠️ Warning: Depth video ended at frame 1043
⚠️ Warning: Depth video ended at frame 1044
⚠️ Warning: Depth video ended at frame 1045
⚠️ Warning: Depth video ended at frame 1046
⚠️ Warning: Depth video ended at frame 1047
⚠️ Warning: Depth video ended at frame 1048
⚠️ Warning: Depth video ended at frame 1049
⚠️ Warning: Depth video ended at frame 1050
⚠️ Warning: Depth video ended at frame 1051
⚠️ Warning: Depth video ended at frame 1052
⚠️ Warning: Depth video ended at frame 1053
⚠️ Warning: Depth video ended at frame 1054
⚠️ Warning: Depth video ended at frame 1055
⚠️ Warning: Depth video ended at frame 1056
⚠️ Warning: Depth video ended at frame 1057
⚠️ Warning: Depth video ended at frame 1058
⚠️ Warning: Depth video ended at frame 1059
⚠️ Warning: Depth video ended at frame 1060
⚠️ Warning: Depth video ended at frame 1061
⚠️ Warning: Depth video ended at frame 1062
⚠️ Warning: Depth video ended at frame 1063
⚠️ Warning: Depth video ended at frame 1064
⚠️ Warning: Depth video ended at frame 1065
⚠️ Warning: Depth video ended at frame 1066
⚠️ Warning: Depth video ended at frame 1067
⚠️ Warning: Depth video ended at frame 1068
⚠️ Warning: Depth video ended at frame 1069
⚠️ Warning: Depth video ended at frame 1070
⚠️ Warning: Depth video ended at frame 1071
⚠️ Warning: Depth video ended at frame 1072
⚠️ Warning: Depth video ended at frame 1073
⚠️ Warning: Depth video ended at frame 1074
⚠️ Warning: Depth video ended at frame 1075
⚠️ Warning: Depth video ended at frame 1076
⚠️ Warning: Depth video ended at frame 1077
⚠️ Warning: Depth video ended at frame 1078
⚠️ Warning: Depth video ended at frame 1079
⚠️ Warning: Depth video ended at frame 1080
⚠️ Warning: Depth video ended at frame 1081
⚠️ Warning: Depth video ended at frame 1082
⚠️ Warning: Depth video ended at frame 1083
⚠️ Warning: Depth video ended at frame 1084
⚠️ Warning: Depth video ended at frame 1085
⚠️ Warning: Depth video ended at frame 1086
⚠️ Warning: Depth video ended at frame 1087
⚠️ Warning: Depth video ended at frame 1088
⚠️ Warning: Depth video ended at frame 1089
⚠️ Warning: Depth video ended at frame 1090
⚠️ Warning: Depth video ended at frame 1091
⚠️ Warning: Depth video ended at frame 1092
⚠️ Warning: Depth video ended at frame 1093
⚠️ Warning: Depth video ended at frame 1094
⚠️ Warning: Depth video ended at frame 1095
⚠️ Warning: Depth video ended at frame 1096
⚠️ Warning: Depth video ended at frame 1097
⚠️ Warning: Depth video ended at frame 1098
⚠️ Warning: Depth video ended at frame 1099
  Processed 1100 frames | FPS: 49.38
⚠️ Warning: Depth video ended at frame 1100
⚠️ Warning: Depth video ended at frame 1101
⚠️ Warning: Depth video ended at frame 1102
⚠️ Warning: Depth video ended at frame 1103
⚠️ Warning: Depth video ended at frame 1104
⚠️ Warning: Depth video ended at frame 1105
⚠️ Warning: Depth video ended at frame 1106
⚠️ Warning: Depth video ended at frame 1107
⚠️ Warning: Depth video ended at frame 1108
⚠️ Warning: Depth video ended at frame 1109
⚠️ Warning: Depth video ended at frame 1110
⚠️ Warning: Depth video ended at frame 1111
⚠️ Warning: Depth video ended at frame 1112
⚠️ Warning: Depth video ended at frame 1113
⚠️ Warning: Depth video ended at frame 1114
⚠️ Warning: Depth video ended at frame 1115
⚠️ Warning: Depth video ended at frame 1116
⚠️ Warning: Depth video ended at frame 1117
⚠️ Warning: Depth video ended at frame 1118
⚠️ Warning: Depth video ended at frame 1119
⚠️ Warning: Depth video ended at frame 1120
⚠️ Warning: Depth video ended at frame 1121
⚠️ Warning: Depth video ended at frame 1122
⚠️ Warning: Depth video ended at frame 1123
⚠️ Warning: Depth video ended at frame 1124
⚠️ Warning: Depth video ended at frame 1125
⚠️ Warning: Depth video ended at frame 1126
⚠️ Warning: Depth video ended at frame 1127
⚠️ Warning: Depth video ended at frame 1128
⚠️ Warning: Depth video ended at frame 1129
⚠️ Warning: Depth video ended at frame 1130
⚠️ Warning: Depth video ended at frame 1131
⚠️ Warning: Depth video ended at frame 1132
⚠️ Warning: Depth video ended at frame 1133
⚠️ Warning: Depth video ended at frame 1134
⚠️ Warning: Depth video ended at frame 1135
⚠️ Warning: Depth video ended at frame 1136
⚠️ Warning: Depth video ended at frame 1137
⚠️ Warning: Depth video ended at frame 1138
⚠️ Warning: Depth video ended at frame 1139
⚠️ Warning: Depth video ended at frame 1140
⚠️ Warning: Depth video ended at frame 1141
⚠️ Warning: Depth video ended at frame 1142
⚠️ Warning: Depth video ended at frame 1143
⚠️ Warning: Depth video ended at frame 1144
⚠️ Warning: Depth video ended at frame 1145
⚠️ Warning: Depth video ended at frame 1146
⚠️ Warning: Depth video ended at frame 1147
⚠️ Warning: Depth video ended at frame 1148
⚠️ Warning: Depth video ended at frame 1149
⚠️ Warning: Depth video ended at frame 1150
⚠️ Warning: Depth video ended at frame 1151
⚠️ Warning: Depth video ended at frame 1152
⚠️ Warning: Depth video ended at frame 1153
⚠️ Warning: Depth video ended at frame 1154
⚠️ Warning: Depth video ended at frame 1155
⚠️ Warning: Depth video ended at frame 1156
⚠️ Warning: Depth video ended at frame 1157
⚠️ Warning: Depth video ended at frame 1158
⚠️ Warning: Depth video ended at frame 1159
⚠️ Warning: Depth video ended at frame 1160
⚠️ Warning: Depth video ended at frame 1161
⚠️ Warning: Depth video ended at frame 1162
⚠️ Warning: Depth video ended at frame 1163
⚠️ Warning: Depth video ended at frame 1164
⚠️ Warning: Depth video ended at frame 1165
⚠️ Warning: Depth video ended at frame 1166
⚠️ Warning: Depth video ended at frame 1167
⚠️ Warning: Depth video ended at frame 1168
⚠️ Warning: Depth video ended at frame 1169
⚠️ Warning: Depth video ended at frame 1170
⚠️ Warning: Depth video ended at frame 1171
⚠️ Warning: Depth video ended at frame 1172
⚠️ Warning: Depth video ended at frame 1173
⚠️ Warning: Depth video ended at frame 1174
⚠️ Warning: Depth video ended at frame 1175

✅ Completed iou_only: 1176 frames in 23.59s
   Average FPS: 60.21
   MOTA: 0.806 | IDF1: 0.993
Metrics exported to: benchmark/results/with_deepsort/iou_only_results.json
   Results saved to: benchmark/results/with_deepsort/iou_only_results.json

======================================================================
Running: shape_only
======================================================================
⚠️ Warning: Depth video ended at frame 0
⚠️ Warning: Depth video ended at frame 1
⚠️ Warning: Depth video ended at frame 2
⚠️ Warning: Depth video ended at frame 3
⚠️ Warning: Depth video ended at frame 4
⚠️ Warning: Depth video ended at frame 5
⚠️ Warning: Depth video ended at frame 6
⚠️ Warning: Depth video ended at frame 7
⚠️ Warning: Depth video ended at frame 8
⚠️ Warning: Depth video ended at frame 9
⚠️ Warning: Depth video ended at frame 10
⚠️ Warning: Depth video ended at frame 11
⚠️ Warning: Depth video ended at frame 12
⚠️ Warning: Depth video ended at frame 13
⚠️ Warning: Depth video ended at frame 14
⚠️ Warning: Depth video ended at frame 15
⚠️ Warning: Depth video ended at frame 16
⚠️ Warning: Depth video ended at frame 17
⚠️ Warning: Depth video ended at frame 18
⚠️ Warning: Depth video ended at frame 19
⚠️ Warning: Depth video ended at frame 20
⚠️ Warning: Depth video ended at frame 21
⚠️ Warning: Depth video ended at frame 22
⚠️ Warning: Depth video ended at frame 23
⚠️ Warning: Depth video ended at frame 24
⚠️ Warning: Depth video ended at frame 25
⚠️ Warning: Depth video ended at frame 26
⚠️ Warning: Depth video ended at frame 27
⚠️ Warning: Depth video ended at frame 28
⚠️ Warning: Depth video ended at frame 29
⚠️ Warning: Depth video ended at frame 30
⚠️ Warning: Depth video ended at frame 31
⚠️ Warning: Depth video ended at frame 32
⚠️ Warning: Depth video ended at frame 33
⚠️ Warning: Depth video ended at frame 34
⚠️ Warning: Depth video ended at frame 35
⚠️ Warning: Depth video ended at frame 36
⚠️ Warning: Depth video ended at frame 37
⚠️ Warning: Depth video ended at frame 38
⚠️ Warning: Depth video ended at frame 39
⚠️ Warning: Depth video ended at frame 40
⚠️ Warning: Depth video ended at frame 41
⚠️ Warning: Depth video ended at frame 42
⚠️ Warning: Depth video ended at frame 43
⚠️ Warning: Depth video ended at frame 44
⚠️ Warning: Depth video ended at frame 45
⚠️ Warning: Depth video ended at frame 46
⚠️ Warning: Depth video ended at frame 47
⚠️ Warning: Depth video ended at frame 48
⚠️ Warning: Depth video ended at frame 49
⚠️ Warning: Depth video ended at frame 50
⚠️ Warning: Depth video ended at frame 51
⚠️ Warning: Depth video ended at frame 52
⚠️ Warning: Depth video ended at frame 53
⚠️ Warning: Depth video ended at frame 54
⚠️ Warning: Depth video ended at frame 55
⚠️ Warning: Depth video ended at frame 56
⚠️ Warning: Depth video ended at frame 57
⚠️ Warning: Depth video ended at frame 58
⚠️ Warning: Depth video ended at frame 59
⚠️ Warning: Depth video ended at frame 60
⚠️ Warning: Depth video ended at frame 61
⚠️ Warning: Depth video ended at frame 62
⚠️ Warning: Depth video ended at frame 63
⚠️ Warning: Depth video ended at frame 64
⚠️ Warning: Depth video ended at frame 65
⚠️ Warning: Depth video ended at frame 66
⚠️ Warning: Depth video ended at frame 67
⚠️ Warning: Depth video ended at frame 68
⚠️ Warning: Depth video ended at frame 69
⚠️ Warning: Depth video ended at frame 70
⚠️ Warning: Depth video ended at frame 71
⚠️ Warning: Depth video ended at frame 72
⚠️ Warning: Depth video ended at frame 73
⚠️ Warning: Depth video ended at frame 74
⚠️ Warning: Depth video ended at frame 75
⚠️ Warning: Depth video ended at frame 76
⚠️ Warning: Depth video ended at frame 77
⚠️ Warning: Depth video ended at frame 78
⚠️ Warning: Depth video ended at frame 79
⚠️ Warning: Depth video ended at frame 80
⚠️ Warning: Depth video ended at frame 81
⚠️ Warning: Depth video ended at frame 82
⚠️ Warning: Depth video ended at frame 83
⚠️ Warning: Depth video ended at frame 84
⚠️ Warning: Depth video ended at frame 85
⚠️ Warning: Depth video ended at frame 86
⚠️ Warning: Depth video ended at frame 87
⚠️ Warning: Depth video ended at frame 88
⚠️ Warning: Depth video ended at frame 89
⚠️ Warning: Depth video ended at frame 90
⚠️ Warning: Depth video ended at frame 91
⚠️ Warning: Depth video ended at frame 92
⚠️ Warning: Depth video ended at frame 93
⚠️ Warning: Depth video ended at frame 94
⚠️ Warning: Depth video ended at frame 95
⚠️ Warning: Depth video ended at frame 96
⚠️ Warning: Depth video ended at frame 97
⚠️ Warning: Depth video ended at frame 98
⚠️ Warning: Depth video ended at frame 99
  Processed 100 frames | FPS: 25.90
⚠️ Warning: Depth video ended at frame 100
⚠️ Warning: Depth video ended at frame 101
⚠️ Warning: Depth video ended at frame 102
⚠️ Warning: Depth video ended at frame 103
⚠️ Warning: Depth video ended at frame 104
⚠️ Warning: Depth video ended at frame 105
⚠️ Warning: Depth video ended at frame 106
⚠️ Warning: Depth video ended at frame 107
⚠️ Warning: Depth video ended at frame 108
⚠️ Warning: Depth video ended at frame 109
⚠️ Warning: Depth video ended at frame 110
⚠️ Warning: Depth video ended at frame 111
⚠️ Warning: Depth video ended at frame 112
⚠️ Warning: Depth video ended at frame 113
⚠️ Warning: Depth video ended at frame 114
⚠️ Warning: Depth video ended at frame 115
⚠️ Warning: Depth video ended at frame 116
⚠️ Warning: Depth video ended at frame 117
⚠️ Warning: Depth video ended at frame 118
⚠️ Warning: Depth video ended at frame 119
⚠️ Warning: Depth video ended at frame 120
⚠️ Warning: Depth video ended at frame 121
⚠️ Warning: Depth video ended at frame 122
⚠️ Warning: Depth video ended at frame 123
⚠️ Warning: Depth video ended at frame 124
⚠️ Warning: Depth video ended at frame 125
⚠️ Warning: Depth video ended at frame 126
⚠️ Warning: Depth video ended at frame 127
⚠️ Warning: Depth video ended at frame 128
⚠️ Warning: Depth video ended at frame 129
⚠️ Warning: Depth video ended at frame 130
⚠️ Warning: Depth video ended at frame 131
⚠️ Warning: Depth video ended at frame 132
⚠️ Warning: Depth video ended at frame 133
⚠️ Warning: Depth video ended at frame 134
⚠️ Warning: Depth video ended at frame 135
⚠️ Warning: Depth video ended at frame 136
⚠️ Warning: Depth video ended at frame 137
⚠️ Warning: Depth video ended at frame 138
⚠️ Warning: Depth video ended at frame 139
⚠️ Warning: Depth video ended at frame 140
⚠️ Warning: Depth video ended at frame 141
⚠️ Warning: Depth video ended at frame 142
⚠️ Warning: Depth video ended at frame 143
⚠️ Warning: Depth video ended at frame 144
⚠️ Warning: Depth video ended at frame 145
⚠️ Warning: Depth video ended at frame 146
⚠️ Warning: Depth video ended at frame 147
⚠️ Warning: Depth video ended at frame 148
⚠️ Warning: Depth video ended at frame 149
⚠️ Warning: Depth video ended at frame 150
⚠️ Warning: Depth video ended at frame 151
⚠️ Warning: Depth video ended at frame 152
⚠️ Warning: Depth video ended at frame 153
⚠️ Warning: Depth video ended at frame 154
⚠️ Warning: Depth video ended at frame 155
⚠️ Warning: Depth video ended at frame 156
⚠️ Warning: Depth video ended at frame 157
⚠️ Warning: Depth video ended at frame 158
⚠️ Warning: Depth video ended at frame 159
⚠️ Warning: Depth video ended at frame 160
⚠️ Warning: Depth video ended at frame 161
⚠️ Warning: Depth video ended at frame 162
⚠️ Warning: Depth video ended at frame 163
⚠️ Warning: Depth video ended at frame 164
⚠️ Warning: Depth video ended at frame 165
⚠️ Warning: Depth video ended at frame 166
⚠️ Warning: Depth video ended at frame 167
⚠️ Warning: Depth video ended at frame 168
⚠️ Warning: Depth video ended at frame 169
⚠️ Warning: Depth video ended at frame 170
⚠️ Warning: Depth video ended at frame 171
⚠️ Warning: Depth video ended at frame 172
⚠️ Warning: Depth video ended at frame 173
⚠️ Warning: Depth video ended at frame 174
⚠️ Warning: Depth video ended at frame 175
⚠️ Warning: Depth video ended at frame 176
⚠️ Warning: Depth video ended at frame 177
⚠️ Warning: Depth video ended at frame 178
⚠️ Warning: Depth video ended at frame 179
⚠️ Warning: Depth video ended at frame 180
⚠️ Warning: Depth video ended at frame 181
⚠️ Warning: Depth video ended at frame 182
⚠️ Warning: Depth video ended at frame 183
⚠️ Warning: Depth video ended at frame 184
⚠️ Warning: Depth video ended at frame 185
⚠️ Warning: Depth video ended at frame 186
⚠️ Warning: Depth video ended at frame 187
⚠️ Warning: Depth video ended at frame 188
⚠️ Warning: Depth video ended at frame 189
⚠️ Warning: Depth video ended at frame 190
⚠️ Warning: Depth video ended at frame 191
⚠️ Warning: Depth video ended at frame 192
⚠️ Warning: Depth video ended at frame 193
⚠️ Warning: Depth video ended at frame 194
⚠️ Warning: Depth video ended at frame 195
⚠️ Warning: Depth video ended at frame 196
⚠️ Warning: Depth video ended at frame 197
⚠️ Warning: Depth video ended at frame 198
⚠️ Warning: Depth video ended at frame 199
  Processed 200 frames | FPS: 26.54
⚠️ Warning: Depth video ended at frame 200
⚠️ Warning: Depth video ended at frame 201
⚠️ Warning: Depth video ended at frame 202
⚠️ Warning: Depth video ended at frame 203
⚠️ Warning: Depth video ended at frame 204
⚠️ Warning: Depth video ended at frame 205
⚠️ Warning: Depth video ended at frame 206
⚠️ Warning: Depth video ended at frame 207
⚠️ Warning: Depth video ended at frame 208
⚠️ Warning: Depth video ended at frame 209
⚠️ Warning: Depth video ended at frame 210
⚠️ Warning: Depth video ended at frame 211
⚠️ Warning: Depth video ended at frame 212
⚠️ Warning: Depth video ended at frame 213
⚠️ Warning: Depth video ended at frame 214
⚠️ Warning: Depth video ended at frame 215
⚠️ Warning: Depth video ended at frame 216
⚠️ Warning: Depth video ended at frame 217
⚠️ Warning: Depth video ended at frame 218
⚠️ Warning: Depth video ended at frame 219
⚠️ Warning: Depth video ended at frame 220
⚠️ Warning: Depth video ended at frame 221
⚠️ Warning: Depth video ended at frame 222
⚠️ Warning: Depth video ended at frame 223
⚠️ Warning: Depth video ended at frame 224
⚠️ Warning: Depth video ended at frame 225
⚠️ Warning: Depth video ended at frame 226
⚠️ Warning: Depth video ended at frame 227
⚠️ Warning: Depth video ended at frame 228
⚠️ Warning: Depth video ended at frame 229
⚠️ Warning: Depth video ended at frame 230
⚠️ Warning: Depth video ended at frame 231
⚠️ Warning: Depth video ended at frame 232
⚠️ Warning: Depth video ended at frame 233
⚠️ Warning: Depth video ended at frame 234
⚠️ Warning: Depth video ended at frame 235
⚠️ Warning: Depth video ended at frame 236
⚠️ Warning: Depth video ended at frame 237
⚠️ Warning: Depth video ended at frame 238
⚠️ Warning: Depth video ended at frame 239
⚠️ Warning: Depth video ended at frame 240
⚠️ Warning: Depth video ended at frame 241
⚠️ Warning: Depth video ended at frame 242
⚠️ Warning: Depth video ended at frame 243
⚠️ Warning: Depth video ended at frame 244
⚠️ Warning: Depth video ended at frame 245
⚠️ Warning: Depth video ended at frame 246
⚠️ Warning: Depth video ended at frame 247
⚠️ Warning: Depth video ended at frame 248
⚠️ Warning: Depth video ended at frame 249
⚠️ Warning: Depth video ended at frame 250
⚠️ Warning: Depth video ended at frame 251
⚠️ Warning: Depth video ended at frame 252
⚠️ Warning: Depth video ended at frame 253
⚠️ Warning: Depth video ended at frame 254
⚠️ Warning: Depth video ended at frame 255
⚠️ Warning: Depth video ended at frame 256
⚠️ Warning: Depth video ended at frame 257
⚠️ Warning: Depth video ended at frame 258
⚠️ Warning: Depth video ended at frame 259
⚠️ Warning: Depth video ended at frame 260
⚠️ Warning: Depth video ended at frame 261
⚠️ Warning: Depth video ended at frame 262
⚠️ Warning: Depth video ended at frame 263
⚠️ Warning: Depth video ended at frame 264
⚠️ Warning: Depth video ended at frame 265
⚠️ Warning: Depth video ended at frame 266
⚠️ Warning: Depth video ended at frame 267
⚠️ Warning: Depth video ended at frame 268
⚠️ Warning: Depth video ended at frame 269
⚠️ Warning: Depth video ended at frame 270
⚠️ Warning: Depth video ended at frame 271
⚠️ Warning: Depth video ended at frame 272
⚠️ Warning: Depth video ended at frame 273
⚠️ Warning: Depth video ended at frame 274
⚠️ Warning: Depth video ended at frame 275
⚠️ Warning: Depth video ended at frame 276
⚠️ Warning: Depth video ended at frame 277
⚠️ Warning: Depth video ended at frame 278
⚠️ Warning: Depth video ended at frame 279
⚠️ Warning: Depth video ended at frame 280
⚠️ Warning: Depth video ended at frame 281
⚠️ Warning: Depth video ended at frame 282
⚠️ Warning: Depth video ended at frame 283
⚠️ Warning: Depth video ended at frame 284
⚠️ Warning: Depth video ended at frame 285
⚠️ Warning: Depth video ended at frame 286
⚠️ Warning: Depth video ended at frame 287
⚠️ Warning: Depth video ended at frame 288
⚠️ Warning: Depth video ended at frame 289
⚠️ Warning: Depth video ended at frame 290
⚠️ Warning: Depth video ended at frame 291
⚠️ Warning: Depth video ended at frame 292
⚠️ Warning: Depth video ended at frame 293
⚠️ Warning: Depth video ended at frame 294
⚠️ Warning: Depth video ended at frame 295
⚠️ Warning: Depth video ended at frame 296
⚠️ Warning: Depth video ended at frame 297
⚠️ Warning: Depth video ended at frame 298
⚠️ Warning: Depth video ended at frame 299
  Processed 300 frames | FPS: 27.01
⚠️ Warning: Depth video ended at frame 300
⚠️ Warning: Depth video ended at frame 301
⚠️ Warning: Depth video ended at frame 302
⚠️ Warning: Depth video ended at frame 303
⚠️ Warning: Depth video ended at frame 304
⚠️ Warning: Depth video ended at frame 305
⚠️ Warning: Depth video ended at frame 306
⚠️ Warning: Depth video ended at frame 307
⚠️ Warning: Depth video ended at frame 308
⚠️ Warning: Depth video ended at frame 309
⚠️ Warning: Depth video ended at frame 310
⚠️ Warning: Depth video ended at frame 311
⚠️ Warning: Depth video ended at frame 312
⚠️ Warning: Depth video ended at frame 313
⚠️ Warning: Depth video ended at frame 314
⚠️ Warning: Depth video ended at frame 315
⚠️ Warning: Depth video ended at frame 316
⚠️ Warning: Depth video ended at frame 317
⚠️ Warning: Depth video ended at frame 318
⚠️ Warning: Depth video ended at frame 319
⚠️ Warning: Depth video ended at frame 320
⚠️ Warning: Depth video ended at frame 321
⚠️ Warning: Depth video ended at frame 322
⚠️ Warning: Depth video ended at frame 323
⚠️ Warning: Depth video ended at frame 324
⚠️ Warning: Depth video ended at frame 325
⚠️ Warning: Depth video ended at frame 326
⚠️ Warning: Depth video ended at frame 327
⚠️ Warning: Depth video ended at frame 328
⚠️ Warning: Depth video ended at frame 329
⚠️ Warning: Depth video ended at frame 330
⚠️ Warning: Depth video ended at frame 331
⚠️ Warning: Depth video ended at frame 332
⚠️ Warning: Depth video ended at frame 333
⚠️ Warning: Depth video ended at frame 334
⚠️ Warning: Depth video ended at frame 335
⚠️ Warning: Depth video ended at frame 336
⚠️ Warning: Depth video ended at frame 337
⚠️ Warning: Depth video ended at frame 338
⚠️ Warning: Depth video ended at frame 339
⚠️ Warning: Depth video ended at frame 340
⚠️ Warning: Depth video ended at frame 341
⚠️ Warning: Depth video ended at frame 342
⚠️ Warning: Depth video ended at frame 343
⚠️ Warning: Depth video ended at frame 344
⚠️ Warning: Depth video ended at frame 345
⚠️ Warning: Depth video ended at frame 346
⚠️ Warning: Depth video ended at frame 347
⚠️ Warning: Depth video ended at frame 348
⚠️ Warning: Depth video ended at frame 349
⚠️ Warning: Depth video ended at frame 350
⚠️ Warning: Depth video ended at frame 351
⚠️ Warning: Depth video ended at frame 352
⚠️ Warning: Depth video ended at frame 353
⚠️ Warning: Depth video ended at frame 354
⚠️ Warning: Depth video ended at frame 355
⚠️ Warning: Depth video ended at frame 356
⚠️ Warning: Depth video ended at frame 357
⚠️ Warning: Depth video ended at frame 358
⚠️ Warning: Depth video ended at frame 359
⚠️ Warning: Depth video ended at frame 360
⚠️ Warning: Depth video ended at frame 361
⚠️ Warning: Depth video ended at frame 362
⚠️ Warning: Depth video ended at frame 363
⚠️ Warning: Depth video ended at frame 364
⚠️ Warning: Depth video ended at frame 365
⚠️ Warning: Depth video ended at frame 366
⚠️ Warning: Depth video ended at frame 367
⚠️ Warning: Depth video ended at frame 368
⚠️ Warning: Depth video ended at frame 369
⚠️ Warning: Depth video ended at frame 370
⚠️ Warning: Depth video ended at frame 371
⚠️ Warning: Depth video ended at frame 372
⚠️ Warning: Depth video ended at frame 373
⚠️ Warning: Depth video ended at frame 374
⚠️ Warning: Depth video ended at frame 375
⚠️ Warning: Depth video ended at frame 376
⚠️ Warning: Depth video ended at frame 377
⚠️ Warning: Depth video ended at frame 378
⚠️ Warning: Depth video ended at frame 379
⚠️ Warning: Depth video ended at frame 380
⚠️ Warning: Depth video ended at frame 381
⚠️ Warning: Depth video ended at frame 382
⚠️ Warning: Depth video ended at frame 383
⚠️ Warning: Depth video ended at frame 384
⚠️ Warning: Depth video ended at frame 385
⚠️ Warning: Depth video ended at frame 386
⚠️ Warning: Depth video ended at frame 387
⚠️ Warning: Depth video ended at frame 388
⚠️ Warning: Depth video ended at frame 389
⚠️ Warning: Depth video ended at frame 390
⚠️ Warning: Depth video ended at frame 391
⚠️ Warning: Depth video ended at frame 392
⚠️ Warning: Depth video ended at frame 393
⚠️ Warning: Depth video ended at frame 394
⚠️ Warning: Depth video ended at frame 395
⚠️ Warning: Depth video ended at frame 396
⚠️ Warning: Depth video ended at frame 397
⚠️ Warning: Depth video ended at frame 398
⚠️ Warning: Depth video ended at frame 399
  Processed 400 frames | FPS: 27.07
⚠️ Warning: Depth video ended at frame 400
⚠️ Warning: Depth video ended at frame 401
⚠️ Warning: Depth video ended at frame 402
⚠️ Warning: Depth video ended at frame 403
⚠️ Warning: Depth video ended at frame 404
⚠️ Warning: Depth video ended at frame 405
⚠️ Warning: Depth video ended at frame 406
⚠️ Warning: Depth video ended at frame 407
⚠️ Warning: Depth video ended at frame 408
⚠️ Warning: Depth video ended at frame 409
⚠️ Warning: Depth video ended at frame 410
⚠️ Warning: Depth video ended at frame 411
⚠️ Warning: Depth video ended at frame 412
⚠️ Warning: Depth video ended at frame 413
⚠️ Warning: Depth video ended at frame 414
⚠️ Warning: Depth video ended at frame 415
⚠️ Warning: Depth video ended at frame 416
⚠️ Warning: Depth video ended at frame 417
⚠️ Warning: Depth video ended at frame 418
⚠️ Warning: Depth video ended at frame 419
⚠️ Warning: Depth video ended at frame 420
⚠️ Warning: Depth video ended at frame 421
⚠️ Warning: Depth video ended at frame 422
⚠️ Warning: Depth video ended at frame 423
⚠️ Warning: Depth video ended at frame 424
⚠️ Warning: Depth video ended at frame 425
⚠️ Warning: Depth video ended at frame 426
⚠️ Warning: Depth video ended at frame 427
⚠️ Warning: Depth video ended at frame 428
⚠️ Warning: Depth video ended at frame 429
⚠️ Warning: Depth video ended at frame 430
⚠️ Warning: Depth video ended at frame 431
⚠️ Warning: Depth video ended at frame 432
⚠️ Warning: Depth video ended at frame 433
⚠️ Warning: Depth video ended at frame 434
⚠️ Warning: Depth video ended at frame 435
⚠️ Warning: Depth video ended at frame 436
⚠️ Warning: Depth video ended at frame 437
⚠️ Warning: Depth video ended at frame 438
⚠️ Warning: Depth video ended at frame 439
⚠️ Warning: Depth video ended at frame 440
⚠️ Warning: Depth video ended at frame 441
⚠️ Warning: Depth video ended at frame 442
⚠️ Warning: Depth video ended at frame 443
⚠️ Warning: Depth video ended at frame 444
⚠️ Warning: Depth video ended at frame 445
⚠️ Warning: Depth video ended at frame 446
⚠️ Warning: Depth video ended at frame 447
⚠️ Warning: Depth video ended at frame 448
⚠️ Warning: Depth video ended at frame 449
⚠️ Warning: Depth video ended at frame 450
⚠️ Warning: Depth video ended at frame 451
⚠️ Warning: Depth video ended at frame 452
⚠️ Warning: Depth video ended at frame 453
⚠️ Warning: Depth video ended at frame 454
⚠️ Warning: Depth video ended at frame 455
⚠️ Warning: Depth video ended at frame 456
⚠️ Warning: Depth video ended at frame 457
⚠️ Warning: Depth video ended at frame 458
⚠️ Warning: Depth video ended at frame 459
⚠️ Warning: Depth video ended at frame 460
⚠️ Warning: Depth video ended at frame 461
⚠️ Warning: Depth video ended at frame 462
⚠️ Warning: Depth video ended at frame 463
⚠️ Warning: Depth video ended at frame 464
⚠️ Warning: Depth video ended at frame 465
⚠️ Warning: Depth video ended at frame 466
⚠️ Warning: Depth video ended at frame 467
⚠️ Warning: Depth video ended at frame 468
⚠️ Warning: Depth video ended at frame 469
⚠️ Warning: Depth video ended at frame 470
⚠️ Warning: Depth video ended at frame 471
⚠️ Warning: Depth video ended at frame 472
⚠️ Warning: Depth video ended at frame 473
⚠️ Warning: Depth video ended at frame 474
⚠️ Warning: Depth video ended at frame 475
⚠️ Warning: Depth video ended at frame 476
⚠️ Warning: Depth video ended at frame 477
⚠️ Warning: Depth video ended at frame 478
⚠️ Warning: Depth video ended at frame 479
⚠️ Warning: Depth video ended at frame 480
⚠️ Warning: Depth video ended at frame 481
⚠️ Warning: Depth video ended at frame 482
⚠️ Warning: Depth video ended at frame 483
⚠️ Warning: Depth video ended at frame 484
⚠️ Warning: Depth video ended at frame 485
⚠️ Warning: Depth video ended at frame 486
⚠️ Warning: Depth video ended at frame 487
⚠️ Warning: Depth video ended at frame 488
⚠️ Warning: Depth video ended at frame 489
⚠️ Warning: Depth video ended at frame 490
⚠️ Warning: Depth video ended at frame 491
⚠️ Warning: Depth video ended at frame 492
⚠️ Warning: Depth video ended at frame 493
⚠️ Warning: Depth video ended at frame 494
⚠️ Warning: Depth video ended at frame 495
⚠️ Warning: Depth video ended at frame 496
⚠️ Warning: Depth video ended at frame 497
⚠️ Warning: Depth video ended at frame 498
⚠️ Warning: Depth video ended at frame 499
  Processed 500 frames | FPS: 26.73
⚠️ Warning: Depth video ended at frame 500
⚠️ Warning: Depth video ended at frame 501
⚠️ Warning: Depth video ended at frame 502
⚠️ Warning: Depth video ended at frame 503
⚠️ Warning: Depth video ended at frame 504
⚠️ Warning: Depth video ended at frame 505
⚠️ Warning: Depth video ended at frame 506
⚠️ Warning: Depth video ended at frame 507
⚠️ Warning: Depth video ended at frame 508
⚠️ Warning: Depth video ended at frame 509
⚠️ Warning: Depth video ended at frame 510
⚠️ Warning: Depth video ended at frame 511
⚠️ Warning: Depth video ended at frame 512
⚠️ Warning: Depth video ended at frame 513
⚠️ Warning: Depth video ended at frame 514
⚠️ Warning: Depth video ended at frame 515
⚠️ Warning: Depth video ended at frame 516
⚠️ Warning: Depth video ended at frame 517
⚠️ Warning: Depth video ended at frame 518
⚠️ Warning: Depth video ended at frame 519
⚠️ Warning: Depth video ended at frame 520
⚠️ Warning: Depth video ended at frame 521
⚠️ Warning: Depth video ended at frame 522
⚠️ Warning: Depth video ended at frame 523
⚠️ Warning: Depth video ended at frame 524
⚠️ Warning: Depth video ended at frame 525
⚠️ Warning: Depth video ended at frame 526
⚠️ Warning: Depth video ended at frame 527
⚠️ Warning: Depth video ended at frame 528
⚠️ Warning: Depth video ended at frame 529
⚠️ Warning: Depth video ended at frame 530
⚠️ Warning: Depth video ended at frame 531
⚠️ Warning: Depth video ended at frame 532
⚠️ Warning: Depth video ended at frame 533
⚠️ Warning: Depth video ended at frame 534
⚠️ Warning: Depth video ended at frame 535
⚠️ Warning: Depth video ended at frame 536
⚠️ Warning: Depth video ended at frame 537
⚠️ Warning: Depth video ended at frame 538
⚠️ Warning: Depth video ended at frame 539
⚠️ Warning: Depth video ended at frame 540
⚠️ Warning: Depth video ended at frame 541
⚠️ Warning: Depth video ended at frame 542
⚠️ Warning: Depth video ended at frame 543
⚠️ Warning: Depth video ended at frame 544
⚠️ Warning: Depth video ended at frame 545
⚠️ Warning: Depth video ended at frame 546
⚠️ Warning: Depth video ended at frame 547
⚠️ Warning: Depth video ended at frame 548
⚠️ Warning: Depth video ended at frame 549
⚠️ Warning: Depth video ended at frame 550
⚠️ Warning: Depth video ended at frame 551
⚠️ Warning: Depth video ended at frame 552
⚠️ Warning: Depth video ended at frame 553
⚠️ Warning: Depth video ended at frame 554
⚠️ Warning: Depth video ended at frame 555
⚠️ Warning: Depth video ended at frame 556
⚠️ Warning: Depth video ended at frame 557
⚠️ Warning: Depth video ended at frame 558
⚠️ Warning: Depth video ended at frame 559
⚠️ Warning: Depth video ended at frame 560
⚠️ Warning: Depth video ended at frame 561
⚠️ Warning: Depth video ended at frame 562
⚠️ Warning: Depth video ended at frame 563
⚠️ Warning: Depth video ended at frame 564
⚠️ Warning: Depth video ended at frame 565
⚠️ Warning: Depth video ended at frame 566
⚠️ Warning: Depth video ended at frame 567
⚠️ Warning: Depth video ended at frame 568
⚠️ Warning: Depth video ended at frame 569
⚠️ Warning: Depth video ended at frame 570
⚠️ Warning: Depth video ended at frame 571
⚠️ Warning: Depth video ended at frame 572
⚠️ Warning: Depth video ended at frame 573
⚠️ Warning: Depth video ended at frame 574
⚠️ Warning: Depth video ended at frame 575
⚠️ Warning: Depth video ended at frame 576
⚠️ Warning: Depth video ended at frame 577
⚠️ Warning: Depth video ended at frame 578
⚠️ Warning: Depth video ended at frame 579
⚠️ Warning: Depth video ended at frame 580
⚠️ Warning: Depth video ended at frame 581
⚠️ Warning: Depth video ended at frame 582
⚠️ Warning: Depth video ended at frame 583
⚠️ Warning: Depth video ended at frame 584
⚠️ Warning: Depth video ended at frame 585
⚠️ Warning: Depth video ended at frame 586
⚠️ Warning: Depth video ended at frame 587
⚠️ Warning: Depth video ended at frame 588
⚠️ Warning: Depth video ended at frame 589
⚠️ Warning: Depth video ended at frame 590
⚠️ Warning: Depth video ended at frame 591
⚠️ Warning: Depth video ended at frame 592
⚠️ Warning: Depth video ended at frame 593
⚠️ Warning: Depth video ended at frame 594
⚠️ Warning: Depth video ended at frame 595
⚠️ Warning: Depth video ended at frame 596
⚠️ Warning: Depth video ended at frame 597
⚠️ Warning: Depth video ended at frame 598
⚠️ Warning: Depth video ended at frame 599
  Processed 600 frames | FPS: 26.86
⚠️ Warning: Depth video ended at frame 600
⚠️ Warning: Depth video ended at frame 601
⚠️ Warning: Depth video ended at frame 602
⚠️ Warning: Depth video ended at frame 603
⚠️ Warning: Depth video ended at frame 604
⚠️ Warning: Depth video ended at frame 605
⚠️ Warning: Depth video ended at frame 606
⚠️ Warning: Depth video ended at frame 607
⚠️ Warning: Depth video ended at frame 608
⚠️ Warning: Depth video ended at frame 609
⚠️ Warning: Depth video ended at frame 610
⚠️ Warning: Depth video ended at frame 611
⚠️ Warning: Depth video ended at frame 612
⚠️ Warning: Depth video ended at frame 613
⚠️ Warning: Depth video ended at frame 614
⚠️ Warning: Depth video ended at frame 615
⚠️ Warning: Depth video ended at frame 616
⚠️ Warning: Depth video ended at frame 617
⚠️ Warning: Depth video ended at frame 618
⚠️ Warning: Depth video ended at frame 619
⚠️ Warning: Depth video ended at frame 620
⚠️ Warning: Depth video ended at frame 621
⚠️ Warning: Depth video ended at frame 622
⚠️ Warning: Depth video ended at frame 623
⚠️ Warning: Depth video ended at frame 624
⚠️ Warning: Depth video ended at frame 625
⚠️ Warning: Depth video ended at frame 626
⚠️ Warning: Depth video ended at frame 627
⚠️ Warning: Depth video ended at frame 628
⚠️ Warning: Depth video ended at frame 629
⚠️ Warning: Depth video ended at frame 630
⚠️ Warning: Depth video ended at frame 631
⚠️ Warning: Depth video ended at frame 632
⚠️ Warning: Depth video ended at frame 633
⚠️ Warning: Depth video ended at frame 634
⚠️ Warning: Depth video ended at frame 635
⚠️ Warning: Depth video ended at frame 636
⚠️ Warning: Depth video ended at frame 637
⚠️ Warning: Depth video ended at frame 638
⚠️ Warning: Depth video ended at frame 639
⚠️ Warning: Depth video ended at frame 640
⚠️ Warning: Depth video ended at frame 641
⚠️ Warning: Depth video ended at frame 642
⚠️ Warning: Depth video ended at frame 643
⚠️ Warning: Depth video ended at frame 644
⚠️ Warning: Depth video ended at frame 645
⚠️ Warning: Depth video ended at frame 646
⚠️ Warning: Depth video ended at frame 647
⚠️ Warning: Depth video ended at frame 648
⚠️ Warning: Depth video ended at frame 649
⚠️ Warning: Depth video ended at frame 650
⚠️ Warning: Depth video ended at frame 651
⚠️ Warning: Depth video ended at frame 652
⚠️ Warning: Depth video ended at frame 653
⚠️ Warning: Depth video ended at frame 654
⚠️ Warning: Depth video ended at frame 655
⚠️ Warning: Depth video ended at frame 656
⚠️ Warning: Depth video ended at frame 657
⚠️ Warning: Depth video ended at frame 658
⚠️ Warning: Depth video ended at frame 659
⚠️ Warning: Depth video ended at frame 660
⚠️ Warning: Depth video ended at frame 661
⚠️ Warning: Depth video ended at frame 662
⚠️ Warning: Depth video ended at frame 663
⚠️ Warning: Depth video ended at frame 664
⚠️ Warning: Depth video ended at frame 665
⚠️ Warning: Depth video ended at frame 666
⚠️ Warning: Depth video ended at frame 667
⚠️ Warning: Depth video ended at frame 668
⚠️ Warning: Depth video ended at frame 669
⚠️ Warning: Depth video ended at frame 670
⚠️ Warning: Depth video ended at frame 671
⚠️ Warning: Depth video ended at frame 672
⚠️ Warning: Depth video ended at frame 673
⚠️ Warning: Depth video ended at frame 674
⚠️ Warning: Depth video ended at frame 675
⚠️ Warning: Depth video ended at frame 676
⚠️ Warning: Depth video ended at frame 677
⚠️ Warning: Depth video ended at frame 678
⚠️ Warning: Depth video ended at frame 679
⚠️ Warning: Depth video ended at frame 680
⚠️ Warning: Depth video ended at frame 681
⚠️ Warning: Depth video ended at frame 682
⚠️ Warning: Depth video ended at frame 683
⚠️ Warning: Depth video ended at frame 684
⚠️ Warning: Depth video ended at frame 685
⚠️ Warning: Depth video ended at frame 686
⚠️ Warning: Depth video ended at frame 687
⚠️ Warning: Depth video ended at frame 688
⚠️ Warning: Depth video ended at frame 689
⚠️ Warning: Depth video ended at frame 690
⚠️ Warning: Depth video ended at frame 691
⚠️ Warning: Depth video ended at frame 692
⚠️ Warning: Depth video ended at frame 693
⚠️ Warning: Depth video ended at frame 694
⚠️ Warning: Depth video ended at frame 695
⚠️ Warning: Depth video ended at frame 696
⚠️ Warning: Depth video ended at frame 697
⚠️ Warning: Depth video ended at frame 698
⚠️ Warning: Depth video ended at frame 699
  Processed 700 frames | FPS: 27.97
⚠️ Warning: Depth video ended at frame 700
⚠️ Warning: Depth video ended at frame 701
⚠️ Warning: Depth video ended at frame 702
⚠️ Warning: Depth video ended at frame 703
⚠️ Warning: Depth video ended at frame 704
⚠️ Warning: Depth video ended at frame 705
⚠️ Warning: Depth video ended at frame 706
⚠️ Warning: Depth video ended at frame 707
⚠️ Warning: Depth video ended at frame 708
⚠️ Warning: Depth video ended at frame 709
⚠️ Warning: Depth video ended at frame 710
⚠️ Warning: Depth video ended at frame 711
⚠️ Warning: Depth video ended at frame 712
⚠️ Warning: Depth video ended at frame 713
⚠️ Warning: Depth video ended at frame 714
⚠️ Warning: Depth video ended at frame 715
⚠️ Warning: Depth video ended at frame 716
⚠️ Warning: Depth video ended at frame 717
⚠️ Warning: Depth video ended at frame 718
⚠️ Warning: Depth video ended at frame 719
⚠️ Warning: Depth video ended at frame 720
⚠️ Warning: Depth video ended at frame 721
⚠️ Warning: Depth video ended at frame 722
⚠️ Warning: Depth video ended at frame 723
⚠️ Warning: Depth video ended at frame 724
⚠️ Warning: Depth video ended at frame 725
⚠️ Warning: Depth video ended at frame 726
⚠️ Warning: Depth video ended at frame 727
⚠️ Warning: Depth video ended at frame 728
⚠️ Warning: Depth video ended at frame 729
⚠️ Warning: Depth video ended at frame 730
⚠️ Warning: Depth video ended at frame 731
⚠️ Warning: Depth video ended at frame 732
⚠️ Warning: Depth video ended at frame 733
⚠️ Warning: Depth video ended at frame 734
⚠️ Warning: Depth video ended at frame 735
⚠️ Warning: Depth video ended at frame 736
⚠️ Warning: Depth video ended at frame 737
⚠️ Warning: Depth video ended at frame 738
⚠️ Warning: Depth video ended at frame 739
⚠️ Warning: Depth video ended at frame 740
⚠️ Warning: Depth video ended at frame 741
⚠️ Warning: Depth video ended at frame 742
⚠️ Warning: Depth video ended at frame 743
⚠️ Warning: Depth video ended at frame 744
⚠️ Warning: Depth video ended at frame 745
⚠️ Warning: Depth video ended at frame 746
⚠️ Warning: Depth video ended at frame 747
⚠️ Warning: Depth video ended at frame 748
⚠️ Warning: Depth video ended at frame 749
⚠️ Warning: Depth video ended at frame 750
⚠️ Warning: Depth video ended at frame 751
⚠️ Warning: Depth video ended at frame 752
⚠️ Warning: Depth video ended at frame 753
⚠️ Warning: Depth video ended at frame 754
⚠️ Warning: Depth video ended at frame 755
⚠️ Warning: Depth video ended at frame 756
⚠️ Warning: Depth video ended at frame 757
⚠️ Warning: Depth video ended at frame 758
⚠️ Warning: Depth video ended at frame 759
⚠️ Warning: Depth video ended at frame 760
⚠️ Warning: Depth video ended at frame 761
⚠️ Warning: Depth video ended at frame 762
⚠️ Warning: Depth video ended at frame 763
⚠️ Warning: Depth video ended at frame 764
⚠️ Warning: Depth video ended at frame 765
⚠️ Warning: Depth video ended at frame 766
⚠️ Warning: Depth video ended at frame 767
⚠️ Warning: Depth video ended at frame 768
⚠️ Warning: Depth video ended at frame 769
⚠️ Warning: Depth video ended at frame 770
⚠️ Warning: Depth video ended at frame 771
⚠️ Warning: Depth video ended at frame 772
⚠️ Warning: Depth video ended at frame 773
⚠️ Warning: Depth video ended at frame 774
⚠️ Warning: Depth video ended at frame 775
⚠️ Warning: Depth video ended at frame 776
⚠️ Warning: Depth video ended at frame 777
⚠️ Warning: Depth video ended at frame 778
⚠️ Warning: Depth video ended at frame 779
⚠️ Warning: Depth video ended at frame 780
⚠️ Warning: Depth video ended at frame 781
⚠️ Warning: Depth video ended at frame 782
⚠️ Warning: Depth video ended at frame 783
⚠️ Warning: Depth video ended at frame 784
⚠️ Warning: Depth video ended at frame 785
⚠️ Warning: Depth video ended at frame 786
⚠️ Warning: Depth video ended at frame 787
⚠️ Warning: Depth video ended at frame 788
⚠️ Warning: Depth video ended at frame 789
⚠️ Warning: Depth video ended at frame 790
⚠️ Warning: Depth video ended at frame 791
⚠️ Warning: Depth video ended at frame 792
⚠️ Warning: Depth video ended at frame 793
⚠️ Warning: Depth video ended at frame 794
⚠️ Warning: Depth video ended at frame 795
⚠️ Warning: Depth video ended at frame 796
⚠️ Warning: Depth video ended at frame 797
⚠️ Warning: Depth video ended at frame 798
⚠️ Warning: Depth video ended at frame 799
  Processed 800 frames | FPS: 27.57
⚠️ Warning: Depth video ended at frame 800
⚠️ Warning: Depth video ended at frame 801
⚠️ Warning: Depth video ended at frame 802
⚠️ Warning: Depth video ended at frame 803
⚠️ Warning: Depth video ended at frame 804
⚠️ Warning: Depth video ended at frame 805
⚠️ Warning: Depth video ended at frame 806
⚠️ Warning: Depth video ended at frame 807
⚠️ Warning: Depth video ended at frame 808
⚠️ Warning: Depth video ended at frame 809
⚠️ Warning: Depth video ended at frame 810
⚠️ Warning: Depth video ended at frame 811
⚠️ Warning: Depth video ended at frame 812
⚠️ Warning: Depth video ended at frame 813
⚠️ Warning: Depth video ended at frame 814
⚠️ Warning: Depth video ended at frame 815
⚠️ Warning: Depth video ended at frame 816
⚠️ Warning: Depth video ended at frame 817
⚠️ Warning: Depth video ended at frame 818
⚠️ Warning: Depth video ended at frame 819
⚠️ Warning: Depth video ended at frame 820
⚠️ Warning: Depth video ended at frame 821
⚠️ Warning: Depth video ended at frame 822
⚠️ Warning: Depth video ended at frame 823
⚠️ Warning: Depth video ended at frame 824
⚠️ Warning: Depth video ended at frame 825
⚠️ Warning: Depth video ended at frame 826
⚠️ Warning: Depth video ended at frame 827
⚠️ Warning: Depth video ended at frame 828
⚠️ Warning: Depth video ended at frame 829
⚠️ Warning: Depth video ended at frame 830
⚠️ Warning: Depth video ended at frame 831
⚠️ Warning: Depth video ended at frame 832
⚠️ Warning: Depth video ended at frame 833
⚠️ Warning: Depth video ended at frame 834
⚠️ Warning: Depth video ended at frame 835
⚠️ Warning: Depth video ended at frame 836
⚠️ Warning: Depth video ended at frame 837
⚠️ Warning: Depth video ended at frame 838
⚠️ Warning: Depth video ended at frame 839
⚠️ Warning: Depth video ended at frame 840
⚠️ Warning: Depth video ended at frame 841
⚠️ Warning: Depth video ended at frame 842
⚠️ Warning: Depth video ended at frame 843
⚠️ Warning: Depth video ended at frame 844
⚠️ Warning: Depth video ended at frame 845
⚠️ Warning: Depth video ended at frame 846
⚠️ Warning: Depth video ended at frame 847
⚠️ Warning: Depth video ended at frame 848
⚠️ Warning: Depth video ended at frame 849
⚠️ Warning: Depth video ended at frame 850
⚠️ Warning: Depth video ended at frame 851
⚠️ Warning: Depth video ended at frame 852
⚠️ Warning: Depth video ended at frame 853
⚠️ Warning: Depth video ended at frame 854
⚠️ Warning: Depth video ended at frame 855
⚠️ Warning: Depth video ended at frame 856
⚠️ Warning: Depth video ended at frame 857
⚠️ Warning: Depth video ended at frame 858
⚠️ Warning: Depth video ended at frame 859
⚠️ Warning: Depth video ended at frame 860
⚠️ Warning: Depth video ended at frame 861
⚠️ Warning: Depth video ended at frame 862
⚠️ Warning: Depth video ended at frame 863
⚠️ Warning: Depth video ended at frame 864
⚠️ Warning: Depth video ended at frame 865
⚠️ Warning: Depth video ended at frame 866
⚠️ Warning: Depth video ended at frame 867
⚠️ Warning: Depth video ended at frame 868
⚠️ Warning: Depth video ended at frame 869
⚠️ Warning: Depth video ended at frame 870
⚠️ Warning: Depth video ended at frame 871
⚠️ Warning: Depth video ended at frame 872
⚠️ Warning: Depth video ended at frame 873
⚠️ Warning: Depth video ended at frame 874
⚠️ Warning: Depth video ended at frame 875
⚠️ Warning: Depth video ended at frame 876
⚠️ Warning: Depth video ended at frame 877
⚠️ Warning: Depth video ended at frame 878
⚠️ Warning: Depth video ended at frame 879
⚠️ Warning: Depth video ended at frame 880
⚠️ Warning: Depth video ended at frame 881
⚠️ Warning: Depth video ended at frame 882
⚠️ Warning: Depth video ended at frame 883
⚠️ Warning: Depth video ended at frame 884
⚠️ Warning: Depth video ended at frame 885
⚠️ Warning: Depth video ended at frame 886
⚠️ Warning: Depth video ended at frame 887
⚠️ Warning: Depth video ended at frame 888
⚠️ Warning: Depth video ended at frame 889
⚠️ Warning: Depth video ended at frame 890
⚠️ Warning: Depth video ended at frame 891
⚠️ Warning: Depth video ended at frame 892
⚠️ Warning: Depth video ended at frame 893
⚠️ Warning: Depth video ended at frame 894
⚠️ Warning: Depth video ended at frame 895
⚠️ Warning: Depth video ended at frame 896
⚠️ Warning: Depth video ended at frame 897
⚠️ Warning: Depth video ended at frame 898
⚠️ Warning: Depth video ended at frame 899
  Processed 900 frames | FPS: 28.64
⚠️ Warning: Depth video ended at frame 900
⚠️ Warning: Depth video ended at frame 901
⚠️ Warning: Depth video ended at frame 902
⚠️ Warning: Depth video ended at frame 903
⚠️ Warning: Depth video ended at frame 904
⚠️ Warning: Depth video ended at frame 905
⚠️ Warning: Depth video ended at frame 906
⚠️ Warning: Depth video ended at frame 907
⚠️ Warning: Depth video ended at frame 908
⚠️ Warning: Depth video ended at frame 909
⚠️ Warning: Depth video ended at frame 910
⚠️ Warning: Depth video ended at frame 911
⚠️ Warning: Depth video ended at frame 912
⚠️ Warning: Depth video ended at frame 913
⚠️ Warning: Depth video ended at frame 914
⚠️ Warning: Depth video ended at frame 915
⚠️ Warning: Depth video ended at frame 916
⚠️ Warning: Depth video ended at frame 917
⚠️ Warning: Depth video ended at frame 918
⚠️ Warning: Depth video ended at frame 919
⚠️ Warning: Depth video ended at frame 920
⚠️ Warning: Depth video ended at frame 921
⚠️ Warning: Depth video ended at frame 922
⚠️ Warning: Depth video ended at frame 923
⚠️ Warning: Depth video ended at frame 924
⚠️ Warning: Depth video ended at frame 925
⚠️ Warning: Depth video ended at frame 926
⚠️ Warning: Depth video ended at frame 927
⚠️ Warning: Depth video ended at frame 928
⚠️ Warning: Depth video ended at frame 929
⚠️ Warning: Depth video ended at frame 930
⚠️ Warning: Depth video ended at frame 931
⚠️ Warning: Depth video ended at frame 932
⚠️ Warning: Depth video ended at frame 933
⚠️ Warning: Depth video ended at frame 934
⚠️ Warning: Depth video ended at frame 935
⚠️ Warning: Depth video ended at frame 936
⚠️ Warning: Depth video ended at frame 937
⚠️ Warning: Depth video ended at frame 938
⚠️ Warning: Depth video ended at frame 939
⚠️ Warning: Depth video ended at frame 940
⚠️ Warning: Depth video ended at frame 941
⚠️ Warning: Depth video ended at frame 942
⚠️ Warning: Depth video ended at frame 943
⚠️ Warning: Depth video ended at frame 944
⚠️ Warning: Depth video ended at frame 945
⚠️ Warning: Depth video ended at frame 946
⚠️ Warning: Depth video ended at frame 947
⚠️ Warning: Depth video ended at frame 948
⚠️ Warning: Depth video ended at frame 949
⚠️ Warning: Depth video ended at frame 950
⚠️ Warning: Depth video ended at frame 951
⚠️ Warning: Depth video ended at frame 952
⚠️ Warning: Depth video ended at frame 953
⚠️ Warning: Depth video ended at frame 954
⚠️ Warning: Depth video ended at frame 955
⚠️ Warning: Depth video ended at frame 956
⚠️ Warning: Depth video ended at frame 957
⚠️ Warning: Depth video ended at frame 958
⚠️ Warning: Depth video ended at frame 959
⚠️ Warning: Depth video ended at frame 960
⚠️ Warning: Depth video ended at frame 961
⚠️ Warning: Depth video ended at frame 962
⚠️ Warning: Depth video ended at frame 963
⚠️ Warning: Depth video ended at frame 964
⚠️ Warning: Depth video ended at frame 965
⚠️ Warning: Depth video ended at frame 966
⚠️ Warning: Depth video ended at frame 967
⚠️ Warning: Depth video ended at frame 968
⚠️ Warning: Depth video ended at frame 969
⚠️ Warning: Depth video ended at frame 970
⚠️ Warning: Depth video ended at frame 971
⚠️ Warning: Depth video ended at frame 972
⚠️ Warning: Depth video ended at frame 973
⚠️ Warning: Depth video ended at frame 974
⚠️ Warning: Depth video ended at frame 975
⚠️ Warning: Depth video ended at frame 976
⚠️ Warning: Depth video ended at frame 977
⚠️ Warning: Depth video ended at frame 978
⚠️ Warning: Depth video ended at frame 979
⚠️ Warning: Depth video ended at frame 980
⚠️ Warning: Depth video ended at frame 981
⚠️ Warning: Depth video ended at frame 982
⚠️ Warning: Depth video ended at frame 983
⚠️ Warning: Depth video ended at frame 984
⚠️ Warning: Depth video ended at frame 985
⚠️ Warning: Depth video ended at frame 986
⚠️ Warning: Depth video ended at frame 987
⚠️ Warning: Depth video ended at frame 988
⚠️ Warning: Depth video ended at frame 989
⚠️ Warning: Depth video ended at frame 990
⚠️ Warning: Depth video ended at frame 991
⚠️ Warning: Depth video ended at frame 992
⚠️ Warning: Depth video ended at frame 993
⚠️ Warning: Depth video ended at frame 994
⚠️ Warning: Depth video ended at frame 995
⚠️ Warning: Depth video ended at frame 996
⚠️ Warning: Depth video ended at frame 997
⚠️ Warning: Depth video ended at frame 998
⚠️ Warning: Depth video ended at frame 999
  Processed 1000 frames | FPS: 28.58
⚠️ Warning: Depth video ended at frame 1000
⚠️ Warning: Depth video ended at frame 1001
⚠️ Warning: Depth video ended at frame 1002
⚠️ Warning: Depth video ended at frame 1003
⚠️ Warning: Depth video ended at frame 1004
⚠️ Warning: Depth video ended at frame 1005
⚠️ Warning: Depth video ended at frame 1006
⚠️ Warning: Depth video ended at frame 1007
⚠️ Warning: Depth video ended at frame 1008
⚠️ Warning: Depth video ended at frame 1009
⚠️ Warning: Depth video ended at frame 1010
⚠️ Warning: Depth video ended at frame 1011
⚠️ Warning: Depth video ended at frame 1012
⚠️ Warning: Depth video ended at frame 1013
⚠️ Warning: Depth video ended at frame 1014
⚠️ Warning: Depth video ended at frame 1015
⚠️ Warning: Depth video ended at frame 1016
⚠️ Warning: Depth video ended at frame 1017
⚠️ Warning: Depth video ended at frame 1018
⚠️ Warning: Depth video ended at frame 1019
⚠️ Warning: Depth video ended at frame 1020
⚠️ Warning: Depth video ended at frame 1021
⚠️ Warning: Depth video ended at frame 1022
⚠️ Warning: Depth video ended at frame 1023
⚠️ Warning: Depth video ended at frame 1024
⚠️ Warning: Depth video ended at frame 1025
⚠️ Warning: Depth video ended at frame 1026
⚠️ Warning: Depth video ended at frame 1027
⚠️ Warning: Depth video ended at frame 1028
⚠️ Warning: Depth video ended at frame 1029
⚠️ Warning: Depth video ended at frame 1030
⚠️ Warning: Depth video ended at frame 1031
⚠️ Warning: Depth video ended at frame 1032
⚠️ Warning: Depth video ended at frame 1033
⚠️ Warning: Depth video ended at frame 1034
⚠️ Warning: Depth video ended at frame 1035
⚠️ Warning: Depth video ended at frame 1036
⚠️ Warning: Depth video ended at frame 1037
⚠️ Warning: Depth video ended at frame 1038
⚠️ Warning: Depth video ended at frame 1039
⚠️ Warning: Depth video ended at frame 1040
⚠️ Warning: Depth video ended at frame 1041
⚠️ Warning: Depth video ended at frame 1042
⚠️ Warning: Depth video ended at frame 1043
⚠️ Warning: Depth video ended at frame 1044
⚠️ Warning: Depth video ended at frame 1045
⚠️ Warning: Depth video ended at frame 1046
⚠️ Warning: Depth video ended at frame 1047
⚠️ Warning: Depth video ended at frame 1048
⚠️ Warning: Depth video ended at frame 1049
⚠️ Warning: Depth video ended at frame 1050
⚠️ Warning: Depth video ended at frame 1051
⚠️ Warning: Depth video ended at frame 1052
⚠️ Warning: Depth video ended at frame 1053
⚠️ Warning: Depth video ended at frame 1054
⚠️ Warning: Depth video ended at frame 1055
⚠️ Warning: Depth video ended at frame 1056
⚠️ Warning: Depth video ended at frame 1057
⚠️ Warning: Depth video ended at frame 1058
⚠️ Warning: Depth video ended at frame 1059
⚠️ Warning: Depth video ended at frame 1060
⚠️ Warning: Depth video ended at frame 1061
⚠️ Warning: Depth video ended at frame 1062
⚠️ Warning: Depth video ended at frame 1063
⚠️ Warning: Depth video ended at frame 1064
⚠️ Warning: Depth video ended at frame 1065
⚠️ Warning: Depth video ended at frame 1066
⚠️ Warning: Depth video ended at frame 1067
⚠️ Warning: Depth video ended at frame 1068
⚠️ Warning: Depth video ended at frame 1069
⚠️ Warning: Depth video ended at frame 1070
⚠️ Warning: Depth video ended at frame 1071
⚠️ Warning: Depth video ended at frame 1072
⚠️ Warning: Depth video ended at frame 1073
⚠️ Warning: Depth video ended at frame 1074
⚠️ Warning: Depth video ended at frame 1075
⚠️ Warning: Depth video ended at frame 1076
⚠️ Warning: Depth video ended at frame 1077
⚠️ Warning: Depth video ended at frame 1078
⚠️ Warning: Depth video ended at frame 1079
⚠️ Warning: Depth video ended at frame 1080
⚠️ Warning: Depth video ended at frame 1081
⚠️ Warning: Depth video ended at frame 1082
⚠️ Warning: Depth video ended at frame 1083
⚠️ Warning: Depth video ended at frame 1084
⚠️ Warning: Depth video ended at frame 1085
⚠️ Warning: Depth video ended at frame 1086
⚠️ Warning: Depth video ended at frame 1087
⚠️ Warning: Depth video ended at frame 1088
⚠️ Warning: Depth video ended at frame 1089
⚠️ Warning: Depth video ended at frame 1090
⚠️ Warning: Depth video ended at frame 1091
⚠️ Warning: Depth video ended at frame 1092
⚠️ Warning: Depth video ended at frame 1093
⚠️ Warning: Depth video ended at frame 1094
⚠️ Warning: Depth video ended at frame 1095
⚠️ Warning: Depth video ended at frame 1096
⚠️ Warning: Depth video ended at frame 1097
⚠️ Warning: Depth video ended at frame 1098
⚠️ Warning: Depth video ended at frame 1099
  Processed 1100 frames | FPS: 28.06
⚠️ Warning: Depth video ended at frame 1100
⚠️ Warning: Depth video ended at frame 1101
⚠️ Warning: Depth video ended at frame 1102
⚠️ Warning: Depth video ended at frame 1103
⚠️ Warning: Depth video ended at frame 1104
⚠️ Warning: Depth video ended at frame 1105
⚠️ Warning: Depth video ended at frame 1106
⚠️ Warning: Depth video ended at frame 1107
⚠️ Warning: Depth video ended at frame 1108
⚠️ Warning: Depth video ended at frame 1109
⚠️ Warning: Depth video ended at frame 1110
⚠️ Warning: Depth video ended at frame 1111
⚠️ Warning: Depth video ended at frame 1112
⚠️ Warning: Depth video ended at frame 1113
⚠️ Warning: Depth video ended at frame 1114
⚠️ Warning: Depth video ended at frame 1115
⚠️ Warning: Depth video ended at frame 1116
⚠️ Warning: Depth video ended at frame 1117
⚠️ Warning: Depth video ended at frame 1118
⚠️ Warning: Depth video ended at frame 1119
⚠️ Warning: Depth video ended at frame 1120
⚠️ Warning: Depth video ended at frame 1121
⚠️ Warning: Depth video ended at frame 1122
⚠️ Warning: Depth video ended at frame 1123
⚠️ Warning: Depth video ended at frame 1124
⚠️ Warning: Depth video ended at frame 1125
⚠️ Warning: Depth video ended at frame 1126
⚠️ Warning: Depth video ended at frame 1127
⚠️ Warning: Depth video ended at frame 1128
⚠️ Warning: Depth video ended at frame 1129
⚠️ Warning: Depth video ended at frame 1130
⚠️ Warning: Depth video ended at frame 1131
⚠️ Warning: Depth video ended at frame 1132
⚠️ Warning: Depth video ended at frame 1133
⚠️ Warning: Depth video ended at frame 1134
⚠️ Warning: Depth video ended at frame 1135
⚠️ Warning: Depth video ended at frame 1136
⚠️ Warning: Depth video ended at frame 1137
⚠️ Warning: Depth video ended at frame 1138
⚠️ Warning: Depth video ended at frame 1139
⚠️ Warning: Depth video ended at frame 1140
⚠️ Warning: Depth video ended at frame 1141
⚠️ Warning: Depth video ended at frame 1142
⚠️ Warning: Depth video ended at frame 1143
⚠️ Warning: Depth video ended at frame 1144
⚠️ Warning: Depth video ended at frame 1145
⚠️ Warning: Depth video ended at frame 1146
⚠️ Warning: Depth video ended at frame 1147
⚠️ Warning: Depth video ended at frame 1148
⚠️ Warning: Depth video ended at frame 1149
⚠️ Warning: Depth video ended at frame 1150
⚠️ Warning: Depth video ended at frame 1151
⚠️ Warning: Depth video ended at frame 1152
⚠️ Warning: Depth video ended at frame 1153
⚠️ Warning: Depth video ended at frame 1154
⚠️ Warning: Depth video ended at frame 1155
⚠️ Warning: Depth video ended at frame 1156
⚠️ Warning: Depth video ended at frame 1157
⚠️ Warning: Depth video ended at frame 1158
⚠️ Warning: Depth video ended at frame 1159
⚠️ Warning: Depth video ended at frame 1160
⚠️ Warning: Depth video ended at frame 1161
⚠️ Warning: Depth video ended at frame 1162
⚠️ Warning: Depth video ended at frame 1163
⚠️ Warning: Depth video ended at frame 1164
⚠️ Warning: Depth video ended at frame 1165
⚠️ Warning: Depth video ended at frame 1166
⚠️ Warning: Depth video ended at frame 1167
⚠️ Warning: Depth video ended at frame 1168
⚠️ Warning: Depth video ended at frame 1169
⚠️ Warning: Depth video ended at frame 1170
⚠️ Warning: Depth video ended at frame 1171
⚠️ Warning: Depth video ended at frame 1172
⚠️ Warning: Depth video ended at frame 1173
⚠️ Warning: Depth video ended at frame 1174
⚠️ Warning: Depth video ended at frame 1175

✅ Completed shape_only: 1176 frames in 41.94s
   Average FPS: 37.56
   MOTA: 0.803 | IDF1: 0.995
Metrics exported to: benchmark/results/with_deepsort/shape_only_results.json
   Results saved to: benchmark/results/with_deepsort/shape_only_results.json

======================================================================
Running: hsv_depth
======================================================================
⚠️ Warning: Depth video ended at frame 0
⚠️ Warning: Depth video ended at frame 1
⚠️ Warning: Depth video ended at frame 2
⚠️ Warning: Depth video ended at frame 3
⚠️ Warning: Depth video ended at frame 4
⚠️ Warning: Depth video ended at frame 5
⚠️ Warning: Depth video ended at frame 6
⚠️ Warning: Depth video ended at frame 7
⚠️ Warning: Depth video ended at frame 8
⚠️ Warning: Depth video ended at frame 9
⚠️ Warning: Depth video ended at frame 10
⚠️ Warning: Depth video ended at frame 11
⚠️ Warning: Depth video ended at frame 12
⚠️ Warning: Depth video ended at frame 13
⚠️ Warning: Depth video ended at frame 14
⚠️ Warning: Depth video ended at frame 15
⚠️ Warning: Depth video ended at frame 16
⚠️ Warning: Depth video ended at frame 17
⚠️ Warning: Depth video ended at frame 18
⚠️ Warning: Depth video ended at frame 19
⚠️ Warning: Depth video ended at frame 20
⚠️ Warning: Depth video ended at frame 21
⚠️ Warning: Depth video ended at frame 22
⚠️ Warning: Depth video ended at frame 23
⚠️ Warning: Depth video ended at frame 24
⚠️ Warning: Depth video ended at frame 25
⚠️ Warning: Depth video ended at frame 26
⚠️ Warning: Depth video ended at frame 27
⚠️ Warning: Depth video ended at frame 28
⚠️ Warning: Depth video ended at frame 29
⚠️ Warning: Depth video ended at frame 30
⚠️ Warning: Depth video ended at frame 31
⚠️ Warning: Depth video ended at frame 32
⚠️ Warning: Depth video ended at frame 33
⚠️ Warning: Depth video ended at frame 34
⚠️ Warning: Depth video ended at frame 35
⚠️ Warning: Depth video ended at frame 36
⚠️ Warning: Depth video ended at frame 37
⚠️ Warning: Depth video ended at frame 38
⚠️ Warning: Depth video ended at frame 39
⚠️ Warning: Depth video ended at frame 40
⚠️ Warning: Depth video ended at frame 41
⚠️ Warning: Depth video ended at frame 42
⚠️ Warning: Depth video ended at frame 43
⚠️ Warning: Depth video ended at frame 44
⚠️ Warning: Depth video ended at frame 45
⚠️ Warning: Depth video ended at frame 46
⚠️ Warning: Depth video ended at frame 47
⚠️ Warning: Depth video ended at frame 48
⚠️ Warning: Depth video ended at frame 49
⚠️ Warning: Depth video ended at frame 50
⚠️ Warning: Depth video ended at frame 51
⚠️ Warning: Depth video ended at frame 52
⚠️ Warning: Depth video ended at frame 53
⚠️ Warning: Depth video ended at frame 54
⚠️ Warning: Depth video ended at frame 55
⚠️ Warning: Depth video ended at frame 56
⚠️ Warning: Depth video ended at frame 57
⚠️ Warning: Depth video ended at frame 58
⚠️ Warning: Depth video ended at frame 59
⚠️ Warning: Depth video ended at frame 60
⚠️ Warning: Depth video ended at frame 61
⚠️ Warning: Depth video ended at frame 62
⚠️ Warning: Depth video ended at frame 63
⚠️ Warning: Depth video ended at frame 64
⚠️ Warning: Depth video ended at frame 65
⚠️ Warning: Depth video ended at frame 66
⚠️ Warning: Depth video ended at frame 67
⚠️ Warning: Depth video ended at frame 68
⚠️ Warning: Depth video ended at frame 69
⚠️ Warning: Depth video ended at frame 70
⚠️ Warning: Depth video ended at frame 71
⚠️ Warning: Depth video ended at frame 72
⚠️ Warning: Depth video ended at frame 73
⚠️ Warning: Depth video ended at frame 74
⚠️ Warning: Depth video ended at frame 75
⚠️ Warning: Depth video ended at frame 76
⚠️ Warning: Depth video ended at frame 77
⚠️ Warning: Depth video ended at frame 78
⚠️ Warning: Depth video ended at frame 79
⚠️ Warning: Depth video ended at frame 80
⚠️ Warning: Depth video ended at frame 81
⚠️ Warning: Depth video ended at frame 82
⚠️ Warning: Depth video ended at frame 83
⚠️ Warning: Depth video ended at frame 84
⚠️ Warning: Depth video ended at frame 85
⚠️ Warning: Depth video ended at frame 86
⚠️ Warning: Depth video ended at frame 87
⚠️ Warning: Depth video ended at frame 88
⚠️ Warning: Depth video ended at frame 89
⚠️ Warning: Depth video ended at frame 90
⚠️ Warning: Depth video ended at frame 91
⚠️ Warning: Depth video ended at frame 92
⚠️ Warning: Depth video ended at frame 93
⚠️ Warning: Depth video ended at frame 94
⚠️ Warning: Depth video ended at frame 95
⚠️ Warning: Depth video ended at frame 96
⚠️ Warning: Depth video ended at frame 97
⚠️ Warning: Depth video ended at frame 98
⚠️ Warning: Depth video ended at frame 99
  Processed 100 frames | FPS: 54.29
⚠️ Warning: Depth video ended at frame 100
⚠️ Warning: Depth video ended at frame 101
⚠️ Warning: Depth video ended at frame 102
⚠️ Warning: Depth video ended at frame 103
⚠️ Warning: Depth video ended at frame 104
⚠️ Warning: Depth video ended at frame 105
⚠️ Warning: Depth video ended at frame 106
⚠️ Warning: Depth video ended at frame 107
⚠️ Warning: Depth video ended at frame 108
⚠️ Warning: Depth video ended at frame 109
⚠️ Warning: Depth video ended at frame 110
⚠️ Warning: Depth video ended at frame 111
⚠️ Warning: Depth video ended at frame 112
⚠️ Warning: Depth video ended at frame 113
⚠️ Warning: Depth video ended at frame 114
⚠️ Warning: Depth video ended at frame 115
⚠️ Warning: Depth video ended at frame 116
⚠️ Warning: Depth video ended at frame 117
⚠️ Warning: Depth video ended at frame 118
⚠️ Warning: Depth video ended at frame 119
⚠️ Warning: Depth video ended at frame 120
⚠️ Warning: Depth video ended at frame 121
⚠️ Warning: Depth video ended at frame 122
⚠️ Warning: Depth video ended at frame 123
⚠️ Warning: Depth video ended at frame 124
⚠️ Warning: Depth video ended at frame 125
⚠️ Warning: Depth video ended at frame 126
⚠️ Warning: Depth video ended at frame 127
⚠️ Warning: Depth video ended at frame 128
⚠️ Warning: Depth video ended at frame 129
⚠️ Warning: Depth video ended at frame 130
⚠️ Warning: Depth video ended at frame 131
⚠️ Warning: Depth video ended at frame 132
⚠️ Warning: Depth video ended at frame 133
⚠️ Warning: Depth video ended at frame 134
⚠️ Warning: Depth video ended at frame 135
⚠️ Warning: Depth video ended at frame 136
⚠️ Warning: Depth video ended at frame 137
⚠️ Warning: Depth video ended at frame 138
⚠️ Warning: Depth video ended at frame 139
⚠️ Warning: Depth video ended at frame 140
⚠️ Warning: Depth video ended at frame 141
⚠️ Warning: Depth video ended at frame 142
⚠️ Warning: Depth video ended at frame 143
⚠️ Warning: Depth video ended at frame 144
⚠️ Warning: Depth video ended at frame 145
⚠️ Warning: Depth video ended at frame 146
⚠️ Warning: Depth video ended at frame 147
⚠️ Warning: Depth video ended at frame 148
⚠️ Warning: Depth video ended at frame 149
⚠️ Warning: Depth video ended at frame 150
⚠️ Warning: Depth video ended at frame 151
⚠️ Warning: Depth video ended at frame 152
⚠️ Warning: Depth video ended at frame 153
⚠️ Warning: Depth video ended at frame 154
⚠️ Warning: Depth video ended at frame 155
⚠️ Warning: Depth video ended at frame 156
⚠️ Warning: Depth video ended at frame 157
⚠️ Warning: Depth video ended at frame 158
⚠️ Warning: Depth video ended at frame 159
⚠️ Warning: Depth video ended at frame 160
⚠️ Warning: Depth video ended at frame 161
⚠️ Warning: Depth video ended at frame 162
⚠️ Warning: Depth video ended at frame 163
⚠️ Warning: Depth video ended at frame 164
⚠️ Warning: Depth video ended at frame 165
⚠️ Warning: Depth video ended at frame 166
⚠️ Warning: Depth video ended at frame 167
⚠️ Warning: Depth video ended at frame 168
⚠️ Warning: Depth video ended at frame 169
⚠️ Warning: Depth video ended at frame 170
⚠️ Warning: Depth video ended at frame 171
⚠️ Warning: Depth video ended at frame 172
⚠️ Warning: Depth video ended at frame 173
⚠️ Warning: Depth video ended at frame 174
⚠️ Warning: Depth video ended at frame 175
⚠️ Warning: Depth video ended at frame 176
⚠️ Warning: Depth video ended at frame 177
⚠️ Warning: Depth video ended at frame 178
⚠️ Warning: Depth video ended at frame 179
⚠️ Warning: Depth video ended at frame 180
⚠️ Warning: Depth video ended at frame 181
⚠️ Warning: Depth video ended at frame 182
⚠️ Warning: Depth video ended at frame 183
⚠️ Warning: Depth video ended at frame 184
⚠️ Warning: Depth video ended at frame 185
⚠️ Warning: Depth video ended at frame 186
⚠️ Warning: Depth video ended at frame 187
⚠️ Warning: Depth video ended at frame 188
⚠️ Warning: Depth video ended at frame 189
⚠️ Warning: Depth video ended at frame 190
⚠️ Warning: Depth video ended at frame 191
⚠️ Warning: Depth video ended at frame 192
⚠️ Warning: Depth video ended at frame 193
⚠️ Warning: Depth video ended at frame 194
⚠️ Warning: Depth video ended at frame 195
⚠️ Warning: Depth video ended at frame 196
⚠️ Warning: Depth video ended at frame 197
⚠️ Warning: Depth video ended at frame 198
⚠️ Warning: Depth video ended at frame 199
  Processed 200 frames | FPS: 54.76
⚠️ Warning: Depth video ended at frame 200
⚠️ Warning: Depth video ended at frame 201
⚠️ Warning: Depth video ended at frame 202
⚠️ Warning: Depth video ended at frame 203
⚠️ Warning: Depth video ended at frame 204
⚠️ Warning: Depth video ended at frame 205
⚠️ Warning: Depth video ended at frame 206
⚠️ Warning: Depth video ended at frame 207
⚠️ Warning: Depth video ended at frame 208
⚠️ Warning: Depth video ended at frame 209
⚠️ Warning: Depth video ended at frame 210
⚠️ Warning: Depth video ended at frame 211
⚠️ Warning: Depth video ended at frame 212
⚠️ Warning: Depth video ended at frame 213
⚠️ Warning: Depth video ended at frame 214
⚠️ Warning: Depth video ended at frame 215
⚠️ Warning: Depth video ended at frame 216
⚠️ Warning: Depth video ended at frame 217
⚠️ Warning: Depth video ended at frame 218
⚠️ Warning: Depth video ended at frame 219
⚠️ Warning: Depth video ended at frame 220
⚠️ Warning: Depth video ended at frame 221
⚠️ Warning: Depth video ended at frame 222
⚠️ Warning: Depth video ended at frame 223
⚠️ Warning: Depth video ended at frame 224
⚠️ Warning: Depth video ended at frame 225
⚠️ Warning: Depth video ended at frame 226
⚠️ Warning: Depth video ended at frame 227
⚠️ Warning: Depth video ended at frame 228
⚠️ Warning: Depth video ended at frame 229
⚠️ Warning: Depth video ended at frame 230
⚠️ Warning: Depth video ended at frame 231
⚠️ Warning: Depth video ended at frame 232
⚠️ Warning: Depth video ended at frame 233
⚠️ Warning: Depth video ended at frame 234
⚠️ Warning: Depth video ended at frame 235
⚠️ Warning: Depth video ended at frame 236
⚠️ Warning: Depth video ended at frame 237
⚠️ Warning: Depth video ended at frame 238
⚠️ Warning: Depth video ended at frame 239
⚠️ Warning: Depth video ended at frame 240
⚠️ Warning: Depth video ended at frame 241
⚠️ Warning: Depth video ended at frame 242
⚠️ Warning: Depth video ended at frame 243
⚠️ Warning: Depth video ended at frame 244
⚠️ Warning: Depth video ended at frame 245
⚠️ Warning: Depth video ended at frame 246
⚠️ Warning: Depth video ended at frame 247
⚠️ Warning: Depth video ended at frame 248
⚠️ Warning: Depth video ended at frame 249
⚠️ Warning: Depth video ended at frame 250
⚠️ Warning: Depth video ended at frame 251
⚠️ Warning: Depth video ended at frame 252
⚠️ Warning: Depth video ended at frame 253
⚠️ Warning: Depth video ended at frame 254
⚠️ Warning: Depth video ended at frame 255
⚠️ Warning: Depth video ended at frame 256
⚠️ Warning: Depth video ended at frame 257
⚠️ Warning: Depth video ended at frame 258
⚠️ Warning: Depth video ended at frame 259
⚠️ Warning: Depth video ended at frame 260
⚠️ Warning: Depth video ended at frame 261
⚠️ Warning: Depth video ended at frame 262
⚠️ Warning: Depth video ended at frame 263
⚠️ Warning: Depth video ended at frame 264
⚠️ Warning: Depth video ended at frame 265
⚠️ Warning: Depth video ended at frame 266
⚠️ Warning: Depth video ended at frame 267
⚠️ Warning: Depth video ended at frame 268
⚠️ Warning: Depth video ended at frame 269
⚠️ Warning: Depth video ended at frame 270
⚠️ Warning: Depth video ended at frame 271
⚠️ Warning: Depth video ended at frame 272
⚠️ Warning: Depth video ended at frame 273
⚠️ Warning: Depth video ended at frame 274
⚠️ Warning: Depth video ended at frame 275
⚠️ Warning: Depth video ended at frame 276
⚠️ Warning: Depth video ended at frame 277
⚠️ Warning: Depth video ended at frame 278
⚠️ Warning: Depth video ended at frame 279
⚠️ Warning: Depth video ended at frame 280
⚠️ Warning: Depth video ended at frame 281
⚠️ Warning: Depth video ended at frame 282
⚠️ Warning: Depth video ended at frame 283
⚠️ Warning: Depth video ended at frame 284
⚠️ Warning: Depth video ended at frame 285
⚠️ Warning: Depth video ended at frame 286
⚠️ Warning: Depth video ended at frame 287
⚠️ Warning: Depth video ended at frame 288
⚠️ Warning: Depth video ended at frame 289
⚠️ Warning: Depth video ended at frame 290
⚠️ Warning: Depth video ended at frame 291
⚠️ Warning: Depth video ended at frame 292
⚠️ Warning: Depth video ended at frame 293
⚠️ Warning: Depth video ended at frame 294
⚠️ Warning: Depth video ended at frame 295
⚠️ Warning: Depth video ended at frame 296
⚠️ Warning: Depth video ended at frame 297
⚠️ Warning: Depth video ended at frame 298
⚠️ Warning: Depth video ended at frame 299
  Processed 300 frames | FPS: 54.66
⚠️ Warning: Depth video ended at frame 300
⚠️ Warning: Depth video ended at frame 301
⚠️ Warning: Depth video ended at frame 302
⚠️ Warning: Depth video ended at frame 303
⚠️ Warning: Depth video ended at frame 304
⚠️ Warning: Depth video ended at frame 305
⚠️ Warning: Depth video ended at frame 306
⚠️ Warning: Depth video ended at frame 307
⚠️ Warning: Depth video ended at frame 308
⚠️ Warning: Depth video ended at frame 309
⚠️ Warning: Depth video ended at frame 310
⚠️ Warning: Depth video ended at frame 311
⚠️ Warning: Depth video ended at frame 312
⚠️ Warning: Depth video ended at frame 313
⚠️ Warning: Depth video ended at frame 314
⚠️ Warning: Depth video ended at frame 315
⚠️ Warning: Depth video ended at frame 316
⚠️ Warning: Depth video ended at frame 317
⚠️ Warning: Depth video ended at frame 318
⚠️ Warning: Depth video ended at frame 319
⚠️ Warning: Depth video ended at frame 320
⚠️ Warning: Depth video ended at frame 321
⚠️ Warning: Depth video ended at frame 322
⚠️ Warning: Depth video ended at frame 323
⚠️ Warning: Depth video ended at frame 324
⚠️ Warning: Depth video ended at frame 325
⚠️ Warning: Depth video ended at frame 326
⚠️ Warning: Depth video ended at frame 327
⚠️ Warning: Depth video ended at frame 328
⚠️ Warning: Depth video ended at frame 329
⚠️ Warning: Depth video ended at frame 330
⚠️ Warning: Depth video ended at frame 331
⚠️ Warning: Depth video ended at frame 332
⚠️ Warning: Depth video ended at frame 333
⚠️ Warning: Depth video ended at frame 334
⚠️ Warning: Depth video ended at frame 335
⚠️ Warning: Depth video ended at frame 336
⚠️ Warning: Depth video ended at frame 337
⚠️ Warning: Depth video ended at frame 338
⚠️ Warning: Depth video ended at frame 339
⚠️ Warning: Depth video ended at frame 340
⚠️ Warning: Depth video ended at frame 341
⚠️ Warning: Depth video ended at frame 342
⚠️ Warning: Depth video ended at frame 343
⚠️ Warning: Depth video ended at frame 344
⚠️ Warning: Depth video ended at frame 345
⚠️ Warning: Depth video ended at frame 346
⚠️ Warning: Depth video ended at frame 347
⚠️ Warning: Depth video ended at frame 348
⚠️ Warning: Depth video ended at frame 349
⚠️ Warning: Depth video ended at frame 350
⚠️ Warning: Depth video ended at frame 351
⚠️ Warning: Depth video ended at frame 352
⚠️ Warning: Depth video ended at frame 353
⚠️ Warning: Depth video ended at frame 354
⚠️ Warning: Depth video ended at frame 355
⚠️ Warning: Depth video ended at frame 356
⚠️ Warning: Depth video ended at frame 357
⚠️ Warning: Depth video ended at frame 358
⚠️ Warning: Depth video ended at frame 359
⚠️ Warning: Depth video ended at frame 360
⚠️ Warning: Depth video ended at frame 361
⚠️ Warning: Depth video ended at frame 362
⚠️ Warning: Depth video ended at frame 363
⚠️ Warning: Depth video ended at frame 364
⚠️ Warning: Depth video ended at frame 365
⚠️ Warning: Depth video ended at frame 366
⚠️ Warning: Depth video ended at frame 367
⚠️ Warning: Depth video ended at frame 368
⚠️ Warning: Depth video ended at frame 369
⚠️ Warning: Depth video ended at frame 370
⚠️ Warning: Depth video ended at frame 371
⚠️ Warning: Depth video ended at frame 372
⚠️ Warning: Depth video ended at frame 373
⚠️ Warning: Depth video ended at frame 374
⚠️ Warning: Depth video ended at frame 375
⚠️ Warning: Depth video ended at frame 376
⚠️ Warning: Depth video ended at frame 377
⚠️ Warning: Depth video ended at frame 378
⚠️ Warning: Depth video ended at frame 379
⚠️ Warning: Depth video ended at frame 380
⚠️ Warning: Depth video ended at frame 381
⚠️ Warning: Depth video ended at frame 382
⚠️ Warning: Depth video ended at frame 383
⚠️ Warning: Depth video ended at frame 384
⚠️ Warning: Depth video ended at frame 385
⚠️ Warning: Depth video ended at frame 386
⚠️ Warning: Depth video ended at frame 387
⚠️ Warning: Depth video ended at frame 388
⚠️ Warning: Depth video ended at frame 389
⚠️ Warning: Depth video ended at frame 390
⚠️ Warning: Depth video ended at frame 391
⚠️ Warning: Depth video ended at frame 392
⚠️ Warning: Depth video ended at frame 393
⚠️ Warning: Depth video ended at frame 394
⚠️ Warning: Depth video ended at frame 395
⚠️ Warning: Depth video ended at frame 396
⚠️ Warning: Depth video ended at frame 397
⚠️ Warning: Depth video ended at frame 398
⚠️ Warning: Depth video ended at frame 399
  Processed 400 frames | FPS: 55.73
⚠️ Warning: Depth video ended at frame 400
⚠️ Warning: Depth video ended at frame 401
⚠️ Warning: Depth video ended at frame 402
⚠️ Warning: Depth video ended at frame 403
⚠️ Warning: Depth video ended at frame 404
⚠️ Warning: Depth video ended at frame 405
⚠️ Warning: Depth video ended at frame 406
⚠️ Warning: Depth video ended at frame 407
⚠️ Warning: Depth video ended at frame 408
⚠️ Warning: Depth video ended at frame 409
⚠️ Warning: Depth video ended at frame 410
⚠️ Warning: Depth video ended at frame 411
⚠️ Warning: Depth video ended at frame 412
⚠️ Warning: Depth video ended at frame 413
⚠️ Warning: Depth video ended at frame 414
⚠️ Warning: Depth video ended at frame 415
⚠️ Warning: Depth video ended at frame 416
⚠️ Warning: Depth video ended at frame 417
⚠️ Warning: Depth video ended at frame 418
⚠️ Warning: Depth video ended at frame 419
⚠️ Warning: Depth video ended at frame 420
⚠️ Warning: Depth video ended at frame 421
⚠️ Warning: Depth video ended at frame 422
⚠️ Warning: Depth video ended at frame 423
⚠️ Warning: Depth video ended at frame 424
⚠️ Warning: Depth video ended at frame 425
⚠️ Warning: Depth video ended at frame 426
⚠️ Warning: Depth video ended at frame 427
⚠️ Warning: Depth video ended at frame 428
⚠️ Warning: Depth video ended at frame 429
⚠️ Warning: Depth video ended at frame 430
⚠️ Warning: Depth video ended at frame 431
⚠️ Warning: Depth video ended at frame 432
⚠️ Warning: Depth video ended at frame 433
⚠️ Warning: Depth video ended at frame 434
⚠️ Warning: Depth video ended at frame 435
⚠️ Warning: Depth video ended at frame 436
⚠️ Warning: Depth video ended at frame 437
⚠️ Warning: Depth video ended at frame 438
⚠️ Warning: Depth video ended at frame 439
⚠️ Warning: Depth video ended at frame 440
⚠️ Warning: Depth video ended at frame 441
⚠️ Warning: Depth video ended at frame 442
⚠️ Warning: Depth video ended at frame 443
⚠️ Warning: Depth video ended at frame 444
⚠️ Warning: Depth video ended at frame 445
⚠️ Warning: Depth video ended at frame 446
⚠️ Warning: Depth video ended at frame 447
⚠️ Warning: Depth video ended at frame 448
⚠️ Warning: Depth video ended at frame 449
⚠️ Warning: Depth video ended at frame 450
⚠️ Warning: Depth video ended at frame 451
⚠️ Warning: Depth video ended at frame 452
⚠️ Warning: Depth video ended at frame 453
⚠️ Warning: Depth video ended at frame 454
⚠️ Warning: Depth video ended at frame 455
⚠️ Warning: Depth video ended at frame 456
⚠️ Warning: Depth video ended at frame 457
⚠️ Warning: Depth video ended at frame 458
⚠️ Warning: Depth video ended at frame 459
⚠️ Warning: Depth video ended at frame 460
⚠️ Warning: Depth video ended at frame 461
⚠️ Warning: Depth video ended at frame 462
⚠️ Warning: Depth video ended at frame 463
⚠️ Warning: Depth video ended at frame 464
⚠️ Warning: Depth video ended at frame 465
⚠️ Warning: Depth video ended at frame 466
⚠️ Warning: Depth video ended at frame 467
⚠️ Warning: Depth video ended at frame 468
⚠️ Warning: Depth video ended at frame 469
⚠️ Warning: Depth video ended at frame 470
⚠️ Warning: Depth video ended at frame 471
⚠️ Warning: Depth video ended at frame 472
⚠️ Warning: Depth video ended at frame 473
⚠️ Warning: Depth video ended at frame 474
⚠️ Warning: Depth video ended at frame 475
⚠️ Warning: Depth video ended at frame 476
⚠️ Warning: Depth video ended at frame 477
⚠️ Warning: Depth video ended at frame 478
⚠️ Warning: Depth video ended at frame 479
⚠️ Warning: Depth video ended at frame 480
⚠️ Warning: Depth video ended at frame 481
⚠️ Warning: Depth video ended at frame 482
⚠️ Warning: Depth video ended at frame 483
⚠️ Warning: Depth video ended at frame 484
⚠️ Warning: Depth video ended at frame 485
⚠️ Warning: Depth video ended at frame 486
⚠️ Warning: Depth video ended at frame 487
⚠️ Warning: Depth video ended at frame 488
⚠️ Warning: Depth video ended at frame 489
⚠️ Warning: Depth video ended at frame 490
⚠️ Warning: Depth video ended at frame 491
⚠️ Warning: Depth video ended at frame 492
⚠️ Warning: Depth video ended at frame 493
⚠️ Warning: Depth video ended at frame 494
⚠️ Warning: Depth video ended at frame 495
⚠️ Warning: Depth video ended at frame 496
⚠️ Warning: Depth video ended at frame 497
⚠️ Warning: Depth video ended at frame 498
⚠️ Warning: Depth video ended at frame 499
  Processed 500 frames | FPS: 55.43
⚠️ Warning: Depth video ended at frame 500
⚠️ Warning: Depth video ended at frame 501
⚠️ Warning: Depth video ended at frame 502
⚠️ Warning: Depth video ended at frame 503
⚠️ Warning: Depth video ended at frame 504
⚠️ Warning: Depth video ended at frame 505
⚠️ Warning: Depth video ended at frame 506
⚠️ Warning: Depth video ended at frame 507
⚠️ Warning: Depth video ended at frame 508
⚠️ Warning: Depth video ended at frame 509
⚠️ Warning: Depth video ended at frame 510
⚠️ Warning: Depth video ended at frame 511
⚠️ Warning: Depth video ended at frame 512
⚠️ Warning: Depth video ended at frame 513
⚠️ Warning: Depth video ended at frame 514
⚠️ Warning: Depth video ended at frame 515
⚠️ Warning: Depth video ended at frame 516
⚠️ Warning: Depth video ended at frame 517
⚠️ Warning: Depth video ended at frame 518
⚠️ Warning: Depth video ended at frame 519
⚠️ Warning: Depth video ended at frame 520
⚠️ Warning: Depth video ended at frame 521
⚠️ Warning: Depth video ended at frame 522
⚠️ Warning: Depth video ended at frame 523
⚠️ Warning: Depth video ended at frame 524
⚠️ Warning: Depth video ended at frame 525
⚠️ Warning: Depth video ended at frame 526
⚠️ Warning: Depth video ended at frame 527
⚠️ Warning: Depth video ended at frame 528
⚠️ Warning: Depth video ended at frame 529
⚠️ Warning: Depth video ended at frame 530
⚠️ Warning: Depth video ended at frame 531
⚠️ Warning: Depth video ended at frame 532
⚠️ Warning: Depth video ended at frame 533
⚠️ Warning: Depth video ended at frame 534
⚠️ Warning: Depth video ended at frame 535
⚠️ Warning: Depth video ended at frame 536
⚠️ Warning: Depth video ended at frame 537
⚠️ Warning: Depth video ended at frame 538
⚠️ Warning: Depth video ended at frame 539
⚠️ Warning: Depth video ended at frame 540
⚠️ Warning: Depth video ended at frame 541
⚠️ Warning: Depth video ended at frame 542
⚠️ Warning: Depth video ended at frame 543
⚠️ Warning: Depth video ended at frame 544
⚠️ Warning: Depth video ended at frame 545
⚠️ Warning: Depth video ended at frame 546
⚠️ Warning: Depth video ended at frame 547
⚠️ Warning: Depth video ended at frame 548
⚠️ Warning: Depth video ended at frame 549
⚠️ Warning: Depth video ended at frame 550
⚠️ Warning: Depth video ended at frame 551
⚠️ Warning: Depth video ended at frame 552
⚠️ Warning: Depth video ended at frame 553
⚠️ Warning: Depth video ended at frame 554
⚠️ Warning: Depth video ended at frame 555
⚠️ Warning: Depth video ended at frame 556
⚠️ Warning: Depth video ended at frame 557
⚠️ Warning: Depth video ended at frame 558
⚠️ Warning: Depth video ended at frame 559
⚠️ Warning: Depth video ended at frame 560
⚠️ Warning: Depth video ended at frame 561
⚠️ Warning: Depth video ended at frame 562
⚠️ Warning: Depth video ended at frame 563
⚠️ Warning: Depth video ended at frame 564
⚠️ Warning: Depth video ended at frame 565
⚠️ Warning: Depth video ended at frame 566
⚠️ Warning: Depth video ended at frame 567
⚠️ Warning: Depth video ended at frame 568
⚠️ Warning: Depth video ended at frame 569
⚠️ Warning: Depth video ended at frame 570
⚠️ Warning: Depth video ended at frame 571
⚠️ Warning: Depth video ended at frame 572
⚠️ Warning: Depth video ended at frame 573
⚠️ Warning: Depth video ended at frame 574
⚠️ Warning: Depth video ended at frame 575
⚠️ Warning: Depth video ended at frame 576
⚠️ Warning: Depth video ended at frame 577
⚠️ Warning: Depth video ended at frame 578
⚠️ Warning: Depth video ended at frame 579
⚠️ Warning: Depth video ended at frame 580
⚠️ Warning: Depth video ended at frame 581
⚠️ Warning: Depth video ended at frame 582
⚠️ Warning: Depth video ended at frame 583
⚠️ Warning: Depth video ended at frame 584
⚠️ Warning: Depth video ended at frame 585
⚠️ Warning: Depth video ended at frame 586
⚠️ Warning: Depth video ended at frame 587
⚠️ Warning: Depth video ended at frame 588
⚠️ Warning: Depth video ended at frame 589
⚠️ Warning: Depth video ended at frame 590
⚠️ Warning: Depth video ended at frame 591
⚠️ Warning: Depth video ended at frame 592
⚠️ Warning: Depth video ended at frame 593
⚠️ Warning: Depth video ended at frame 594
⚠️ Warning: Depth video ended at frame 595
⚠️ Warning: Depth video ended at frame 596
⚠️ Warning: Depth video ended at frame 597
⚠️ Warning: Depth video ended at frame 598
⚠️ Warning: Depth video ended at frame 599
  Processed 600 frames | FPS: 56.00
⚠️ Warning: Depth video ended at frame 600
⚠️ Warning: Depth video ended at frame 601
⚠️ Warning: Depth video ended at frame 602
⚠️ Warning: Depth video ended at frame 603
⚠️ Warning: Depth video ended at frame 604
⚠️ Warning: Depth video ended at frame 605
⚠️ Warning: Depth video ended at frame 606
⚠️ Warning: Depth video ended at frame 607
⚠️ Warning: Depth video ended at frame 608
⚠️ Warning: Depth video ended at frame 609
⚠️ Warning: Depth video ended at frame 610
⚠️ Warning: Depth video ended at frame 611
⚠️ Warning: Depth video ended at frame 612
⚠️ Warning: Depth video ended at frame 613
⚠️ Warning: Depth video ended at frame 614
⚠️ Warning: Depth video ended at frame 615
⚠️ Warning: Depth video ended at frame 616
⚠️ Warning: Depth video ended at frame 617
⚠️ Warning: Depth video ended at frame 618
⚠️ Warning: Depth video ended at frame 619
⚠️ Warning: Depth video ended at frame 620
⚠️ Warning: Depth video ended at frame 621
⚠️ Warning: Depth video ended at frame 622
⚠️ Warning: Depth video ended at frame 623
⚠️ Warning: Depth video ended at frame 624
⚠️ Warning: Depth video ended at frame 625
⚠️ Warning: Depth video ended at frame 626
⚠️ Warning: Depth video ended at frame 627
⚠️ Warning: Depth video ended at frame 628
⚠️ Warning: Depth video ended at frame 629
⚠️ Warning: Depth video ended at frame 630
⚠️ Warning: Depth video ended at frame 631
⚠️ Warning: Depth video ended at frame 632
⚠️ Warning: Depth video ended at frame 633
⚠️ Warning: Depth video ended at frame 634
⚠️ Warning: Depth video ended at frame 635
⚠️ Warning: Depth video ended at frame 636
⚠️ Warning: Depth video ended at frame 637
⚠️ Warning: Depth video ended at frame 638
⚠️ Warning: Depth video ended at frame 639
⚠️ Warning: Depth video ended at frame 640
⚠️ Warning: Depth video ended at frame 641
⚠️ Warning: Depth video ended at frame 642
⚠️ Warning: Depth video ended at frame 643
⚠️ Warning: Depth video ended at frame 644
⚠️ Warning: Depth video ended at frame 645
⚠️ Warning: Depth video ended at frame 646
⚠️ Warning: Depth video ended at frame 647
⚠️ Warning: Depth video ended at frame 648
⚠️ Warning: Depth video ended at frame 649
⚠️ Warning: Depth video ended at frame 650
⚠️ Warning: Depth video ended at frame 651
⚠️ Warning: Depth video ended at frame 652
⚠️ Warning: Depth video ended at frame 653
⚠️ Warning: Depth video ended at frame 654
⚠️ Warning: Depth video ended at frame 655
⚠️ Warning: Depth video ended at frame 656
⚠️ Warning: Depth video ended at frame 657
⚠️ Warning: Depth video ended at frame 658
⚠️ Warning: Depth video ended at frame 659
⚠️ Warning: Depth video ended at frame 660
⚠️ Warning: Depth video ended at frame 661
⚠️ Warning: Depth video ended at frame 662
⚠️ Warning: Depth video ended at frame 663
⚠️ Warning: Depth video ended at frame 664
⚠️ Warning: Depth video ended at frame 665
⚠️ Warning: Depth video ended at frame 666
⚠️ Warning: Depth video ended at frame 667
⚠️ Warning: Depth video ended at frame 668
⚠️ Warning: Depth video ended at frame 669
⚠️ Warning: Depth video ended at frame 670
⚠️ Warning: Depth video ended at frame 671
⚠️ Warning: Depth video ended at frame 672
⚠️ Warning: Depth video ended at frame 673
⚠️ Warning: Depth video ended at frame 674
⚠️ Warning: Depth video ended at frame 675
⚠️ Warning: Depth video ended at frame 676
⚠️ Warning: Depth video ended at frame 677
⚠️ Warning: Depth video ended at frame 678
⚠️ Warning: Depth video ended at frame 679
⚠️ Warning: Depth video ended at frame 680
⚠️ Warning: Depth video ended at frame 681
⚠️ Warning: Depth video ended at frame 682
⚠️ Warning: Depth video ended at frame 683
⚠️ Warning: Depth video ended at frame 684
⚠️ Warning: Depth video ended at frame 685
⚠️ Warning: Depth video ended at frame 686
⚠️ Warning: Depth video ended at frame 687
⚠️ Warning: Depth video ended at frame 688
⚠️ Warning: Depth video ended at frame 689
⚠️ Warning: Depth video ended at frame 690
⚠️ Warning: Depth video ended at frame 691
⚠️ Warning: Depth video ended at frame 692
⚠️ Warning: Depth video ended at frame 693
⚠️ Warning: Depth video ended at frame 694
⚠️ Warning: Depth video ended at frame 695
⚠️ Warning: Depth video ended at frame 696
⚠️ Warning: Depth video ended at frame 697
⚠️ Warning: Depth video ended at frame 698
⚠️ Warning: Depth video ended at frame 699
  Processed 700 frames | FPS: 55.68
⚠️ Warning: Depth video ended at frame 700
⚠️ Warning: Depth video ended at frame 701
⚠️ Warning: Depth video ended at frame 702
⚠️ Warning: Depth video ended at frame 703
⚠️ Warning: Depth video ended at frame 704
⚠️ Warning: Depth video ended at frame 705
⚠️ Warning: Depth video ended at frame 706
⚠️ Warning: Depth video ended at frame 707
⚠️ Warning: Depth video ended at frame 708
⚠️ Warning: Depth video ended at frame 709
⚠️ Warning: Depth video ended at frame 710
⚠️ Warning: Depth video ended at frame 711
⚠️ Warning: Depth video ended at frame 712
⚠️ Warning: Depth video ended at frame 713
⚠️ Warning: Depth video ended at frame 714
⚠️ Warning: Depth video ended at frame 715
⚠️ Warning: Depth video ended at frame 716
⚠️ Warning: Depth video ended at frame 717
⚠️ Warning: Depth video ended at frame 718
⚠️ Warning: Depth video ended at frame 719
⚠️ Warning: Depth video ended at frame 720
⚠️ Warning: Depth video ended at frame 721
⚠️ Warning: Depth video ended at frame 722
⚠️ Warning: Depth video ended at frame 723
⚠️ Warning: Depth video ended at frame 724
⚠️ Warning: Depth video ended at frame 725
⚠️ Warning: Depth video ended at frame 726
⚠️ Warning: Depth video ended at frame 727
⚠️ Warning: Depth video ended at frame 728
⚠️ Warning: Depth video ended at frame 729
⚠️ Warning: Depth video ended at frame 730
⚠️ Warning: Depth video ended at frame 731
⚠️ Warning: Depth video ended at frame 732
⚠️ Warning: Depth video ended at frame 733
⚠️ Warning: Depth video ended at frame 734
⚠️ Warning: Depth video ended at frame 735
⚠️ Warning: Depth video ended at frame 736
⚠️ Warning: Depth video ended at frame 737
⚠️ Warning: Depth video ended at frame 738
⚠️ Warning: Depth video ended at frame 739
⚠️ Warning: Depth video ended at frame 740
⚠️ Warning: Depth video ended at frame 741
⚠️ Warning: Depth video ended at frame 742
⚠️ Warning: Depth video ended at frame 743
⚠️ Warning: Depth video ended at frame 744
⚠️ Warning: Depth video ended at frame 745
⚠️ Warning: Depth video ended at frame 746
⚠️ Warning: Depth video ended at frame 747
⚠️ Warning: Depth video ended at frame 748
⚠️ Warning: Depth video ended at frame 749
⚠️ Warning: Depth video ended at frame 750
⚠️ Warning: Depth video ended at frame 751
⚠️ Warning: Depth video ended at frame 752
⚠️ Warning: Depth video ended at frame 753
⚠️ Warning: Depth video ended at frame 754
⚠️ Warning: Depth video ended at frame 755
⚠️ Warning: Depth video ended at frame 756
⚠️ Warning: Depth video ended at frame 757
⚠️ Warning: Depth video ended at frame 758
⚠️ Warning: Depth video ended at frame 759
⚠️ Warning: Depth video ended at frame 760
⚠️ Warning: Depth video ended at frame 761
⚠️ Warning: Depth video ended at frame 762
⚠️ Warning: Depth video ended at frame 763
⚠️ Warning: Depth video ended at frame 764
⚠️ Warning: Depth video ended at frame 765
⚠️ Warning: Depth video ended at frame 766
⚠️ Warning: Depth video ended at frame 767
⚠️ Warning: Depth video ended at frame 768
⚠️ Warning: Depth video ended at frame 769
⚠️ Warning: Depth video ended at frame 770
⚠️ Warning: Depth video ended at frame 771
⚠️ Warning: Depth video ended at frame 772
⚠️ Warning: Depth video ended at frame 773
⚠️ Warning: Depth video ended at frame 774
⚠️ Warning: Depth video ended at frame 775
⚠️ Warning: Depth video ended at frame 776
⚠️ Warning: Depth video ended at frame 777
⚠️ Warning: Depth video ended at frame 778
⚠️ Warning: Depth video ended at frame 779
⚠️ Warning: Depth video ended at frame 780
⚠️ Warning: Depth video ended at frame 781
⚠️ Warning: Depth video ended at frame 782
⚠️ Warning: Depth video ended at frame 783
⚠️ Warning: Depth video ended at frame 784
⚠️ Warning: Depth video ended at frame 785
⚠️ Warning: Depth video ended at frame 786
⚠️ Warning: Depth video ended at frame 787
⚠️ Warning: Depth video ended at frame 788
⚠️ Warning: Depth video ended at frame 789
⚠️ Warning: Depth video ended at frame 790
⚠️ Warning: Depth video ended at frame 791
⚠️ Warning: Depth video ended at frame 792
⚠️ Warning: Depth video ended at frame 793
⚠️ Warning: Depth video ended at frame 794
⚠️ Warning: Depth video ended at frame 795
⚠️ Warning: Depth video ended at frame 796
⚠️ Warning: Depth video ended at frame 797
⚠️ Warning: Depth video ended at frame 798
⚠️ Warning: Depth video ended at frame 799
  Processed 800 frames | FPS: 55.74
⚠️ Warning: Depth video ended at frame 800
⚠️ Warning: Depth video ended at frame 801
⚠️ Warning: Depth video ended at frame 802
⚠️ Warning: Depth video ended at frame 803
⚠️ Warning: Depth video ended at frame 804
⚠️ Warning: Depth video ended at frame 805
⚠️ Warning: Depth video ended at frame 806
⚠️ Warning: Depth video ended at frame 807
⚠️ Warning: Depth video ended at frame 808
⚠️ Warning: Depth video ended at frame 809
⚠️ Warning: Depth video ended at frame 810
⚠️ Warning: Depth video ended at frame 811
⚠️ Warning: Depth video ended at frame 812
⚠️ Warning: Depth video ended at frame 813
⚠️ Warning: Depth video ended at frame 814
⚠️ Warning: Depth video ended at frame 815
⚠️ Warning: Depth video ended at frame 816
⚠️ Warning: Depth video ended at frame 817
⚠️ Warning: Depth video ended at frame 818
⚠️ Warning: Depth video ended at frame 819
⚠️ Warning: Depth video ended at frame 820
⚠️ Warning: Depth video ended at frame 821
⚠️ Warning: Depth video ended at frame 822
⚠️ Warning: Depth video ended at frame 823
⚠️ Warning: Depth video ended at frame 824
⚠️ Warning: Depth video ended at frame 825
⚠️ Warning: Depth video ended at frame 826
⚠️ Warning: Depth video ended at frame 827
⚠️ Warning: Depth video ended at frame 828
⚠️ Warning: Depth video ended at frame 829
⚠️ Warning: Depth video ended at frame 830
⚠️ Warning: Depth video ended at frame 831
⚠️ Warning: Depth video ended at frame 832
⚠️ Warning: Depth video ended at frame 833
⚠️ Warning: Depth video ended at frame 834
⚠️ Warning: Depth video ended at frame 835
⚠️ Warning: Depth video ended at frame 836
⚠️ Warning: Depth video ended at frame 837
⚠️ Warning: Depth video ended at frame 838
⚠️ Warning: Depth video ended at frame 839
⚠️ Warning: Depth video ended at frame 840
⚠️ Warning: Depth video ended at frame 841
⚠️ Warning: Depth video ended at frame 842
⚠️ Warning: Depth video ended at frame 843
⚠️ Warning: Depth video ended at frame 844
⚠️ Warning: Depth video ended at frame 845
⚠️ Warning: Depth video ended at frame 846
⚠️ Warning: Depth video ended at frame 847
⚠️ Warning: Depth video ended at frame 848
⚠️ Warning: Depth video ended at frame 849
⚠️ Warning: Depth video ended at frame 850
⚠️ Warning: Depth video ended at frame 851
⚠️ Warning: Depth video ended at frame 852
⚠️ Warning: Depth video ended at frame 853
⚠️ Warning: Depth video ended at frame 854
⚠️ Warning: Depth video ended at frame 855
⚠️ Warning: Depth video ended at frame 856
⚠️ Warning: Depth video ended at frame 857
⚠️ Warning: Depth video ended at frame 858
⚠️ Warning: Depth video ended at frame 859
⚠️ Warning: Depth video ended at frame 860
⚠️ Warning: Depth video ended at frame 861
⚠️ Warning: Depth video ended at frame 862
⚠️ Warning: Depth video ended at frame 863
⚠️ Warning: Depth video ended at frame 864
⚠️ Warning: Depth video ended at frame 865
⚠️ Warning: Depth video ended at frame 866
⚠️ Warning: Depth video ended at frame 867
⚠️ Warning: Depth video ended at frame 868
⚠️ Warning: Depth video ended at frame 869
⚠️ Warning: Depth video ended at frame 870
⚠️ Warning: Depth video ended at frame 871
⚠️ Warning: Depth video ended at frame 872
⚠️ Warning: Depth video ended at frame 873
⚠️ Warning: Depth video ended at frame 874
⚠️ Warning: Depth video ended at frame 875
⚠️ Warning: Depth video ended at frame 876
⚠️ Warning: Depth video ended at frame 877
⚠️ Warning: Depth video ended at frame 878
⚠️ Warning: Depth video ended at frame 879
⚠️ Warning: Depth video ended at frame 880
⚠️ Warning: Depth video ended at frame 881
⚠️ Warning: Depth video ended at frame 882
⚠️ Warning: Depth video ended at frame 883
⚠️ Warning: Depth video ended at frame 884
⚠️ Warning: Depth video ended at frame 885
⚠️ Warning: Depth video ended at frame 886
⚠️ Warning: Depth video ended at frame 887
⚠️ Warning: Depth video ended at frame 888
⚠️ Warning: Depth video ended at frame 889
⚠️ Warning: Depth video ended at frame 890
⚠️ Warning: Depth video ended at frame 891
⚠️ Warning: Depth video ended at frame 892
⚠️ Warning: Depth video ended at frame 893
⚠️ Warning: Depth video ended at frame 894
⚠️ Warning: Depth video ended at frame 895
⚠️ Warning: Depth video ended at frame 896
⚠️ Warning: Depth video ended at frame 897
⚠️ Warning: Depth video ended at frame 898
⚠️ Warning: Depth video ended at frame 899
  Processed 900 frames | FPS: 55.98
⚠️ Warning: Depth video ended at frame 900
⚠️ Warning: Depth video ended at frame 901
⚠️ Warning: Depth video ended at frame 902
⚠️ Warning: Depth video ended at frame 903
⚠️ Warning: Depth video ended at frame 904
⚠️ Warning: Depth video ended at frame 905
⚠️ Warning: Depth video ended at frame 906
⚠️ Warning: Depth video ended at frame 907
⚠️ Warning: Depth video ended at frame 908
⚠️ Warning: Depth video ended at frame 909
⚠️ Warning: Depth video ended at frame 910
⚠️ Warning: Depth video ended at frame 911
⚠️ Warning: Depth video ended at frame 912
⚠️ Warning: Depth video ended at frame 913
⚠️ Warning: Depth video ended at frame 914
⚠️ Warning: Depth video ended at frame 915
⚠️ Warning: Depth video ended at frame 916
⚠️ Warning: Depth video ended at frame 917
⚠️ Warning: Depth video ended at frame 918
⚠️ Warning: Depth video ended at frame 919
⚠️ Warning: Depth video ended at frame 920
⚠️ Warning: Depth video ended at frame 921
⚠️ Warning: Depth video ended at frame 922
⚠️ Warning: Depth video ended at frame 923
⚠️ Warning: Depth video ended at frame 924
⚠️ Warning: Depth video ended at frame 925
⚠️ Warning: Depth video ended at frame 926
⚠️ Warning: Depth video ended at frame 927
⚠️ Warning: Depth video ended at frame 928
⚠️ Warning: Depth video ended at frame 929
⚠️ Warning: Depth video ended at frame 930
⚠️ Warning: Depth video ended at frame 931
⚠️ Warning: Depth video ended at frame 932
⚠️ Warning: Depth video ended at frame 933
⚠️ Warning: Depth video ended at frame 934
⚠️ Warning: Depth video ended at frame 935
⚠️ Warning: Depth video ended at frame 936
⚠️ Warning: Depth video ended at frame 937
⚠️ Warning: Depth video ended at frame 938
⚠️ Warning: Depth video ended at frame 939
⚠️ Warning: Depth video ended at frame 940
⚠️ Warning: Depth video ended at frame 941
⚠️ Warning: Depth video ended at frame 942
⚠️ Warning: Depth video ended at frame 943
⚠️ Warning: Depth video ended at frame 944
⚠️ Warning: Depth video ended at frame 945
⚠️ Warning: Depth video ended at frame 946
⚠️ Warning: Depth video ended at frame 947
⚠️ Warning: Depth video ended at frame 948
⚠️ Warning: Depth video ended at frame 949
⚠️ Warning: Depth video ended at frame 950
⚠️ Warning: Depth video ended at frame 951
⚠️ Warning: Depth video ended at frame 952
⚠️ Warning: Depth video ended at frame 953
⚠️ Warning: Depth video ended at frame 954
⚠️ Warning: Depth video ended at frame 955
⚠️ Warning: Depth video ended at frame 956
⚠️ Warning: Depth video ended at frame 957
⚠️ Warning: Depth video ended at frame 958
⚠️ Warning: Depth video ended at frame 959
⚠️ Warning: Depth video ended at frame 960
⚠️ Warning: Depth video ended at frame 961
⚠️ Warning: Depth video ended at frame 962
⚠️ Warning: Depth video ended at frame 963
⚠️ Warning: Depth video ended at frame 964
⚠️ Warning: Depth video ended at frame 965
⚠️ Warning: Depth video ended at frame 966
⚠️ Warning: Depth video ended at frame 967
⚠️ Warning: Depth video ended at frame 968
⚠️ Warning: Depth video ended at frame 969
⚠️ Warning: Depth video ended at frame 970
⚠️ Warning: Depth video ended at frame 971
⚠️ Warning: Depth video ended at frame 972
⚠️ Warning: Depth video ended at frame 973
⚠️ Warning: Depth video ended at frame 974
⚠️ Warning: Depth video ended at frame 975
⚠️ Warning: Depth video ended at frame 976
⚠️ Warning: Depth video ended at frame 977
⚠️ Warning: Depth video ended at frame 978
⚠️ Warning: Depth video ended at frame 979
⚠️ Warning: Depth video ended at frame 980
⚠️ Warning: Depth video ended at frame 981
⚠️ Warning: Depth video ended at frame 982
⚠️ Warning: Depth video ended at frame 983
⚠️ Warning: Depth video ended at frame 984
⚠️ Warning: Depth video ended at frame 985
⚠️ Warning: Depth video ended at frame 986
⚠️ Warning: Depth video ended at frame 987
⚠️ Warning: Depth video ended at frame 988
⚠️ Warning: Depth video ended at frame 989
⚠️ Warning: Depth video ended at frame 990
⚠️ Warning: Depth video ended at frame 991
⚠️ Warning: Depth video ended at frame 992
⚠️ Warning: Depth video ended at frame 993
⚠️ Warning: Depth video ended at frame 994
⚠️ Warning: Depth video ended at frame 995
⚠️ Warning: Depth video ended at frame 996
⚠️ Warning: Depth video ended at frame 997
⚠️ Warning: Depth video ended at frame 998
⚠️ Warning: Depth video ended at frame 999
  Processed 1000 frames | FPS: 55.93
⚠️ Warning: Depth video ended at frame 1000
⚠️ Warning: Depth video ended at frame 1001
⚠️ Warning: Depth video ended at frame 1002
⚠️ Warning: Depth video ended at frame 1003
⚠️ Warning: Depth video ended at frame 1004
⚠️ Warning: Depth video ended at frame 1005
⚠️ Warning: Depth video ended at frame 1006
⚠️ Warning: Depth video ended at frame 1007
⚠️ Warning: Depth video ended at frame 1008
⚠️ Warning: Depth video ended at frame 1009
⚠️ Warning: Depth video ended at frame 1010
⚠️ Warning: Depth video ended at frame 1011
⚠️ Warning: Depth video ended at frame 1012
⚠️ Warning: Depth video ended at frame 1013
⚠️ Warning: Depth video ended at frame 1014
⚠️ Warning: Depth video ended at frame 1015
⚠️ Warning: Depth video ended at frame 1016
⚠️ Warning: Depth video ended at frame 1017
⚠️ Warning: Depth video ended at frame 1018
⚠️ Warning: Depth video ended at frame 1019
⚠️ Warning: Depth video ended at frame 1020
⚠️ Warning: Depth video ended at frame 1021
⚠️ Warning: Depth video ended at frame 1022
⚠️ Warning: Depth video ended at frame 1023
⚠️ Warning: Depth video ended at frame 1024
⚠️ Warning: Depth video ended at frame 1025
⚠️ Warning: Depth video ended at frame 1026
⚠️ Warning: Depth video ended at frame 1027
⚠️ Warning: Depth video ended at frame 1028
⚠️ Warning: Depth video ended at frame 1029
⚠️ Warning: Depth video ended at frame 1030
⚠️ Warning: Depth video ended at frame 1031
⚠️ Warning: Depth video ended at frame 1032
⚠️ Warning: Depth video ended at frame 1033
⚠️ Warning: Depth video ended at frame 1034
⚠️ Warning: Depth video ended at frame 1035
⚠️ Warning: Depth video ended at frame 1036
⚠️ Warning: Depth video ended at frame 1037
⚠️ Warning: Depth video ended at frame 1038
⚠️ Warning: Depth video ended at frame 1039
⚠️ Warning: Depth video ended at frame 1040
⚠️ Warning: Depth video ended at frame 1041
⚠️ Warning: Depth video ended at frame 1042
⚠️ Warning: Depth video ended at frame 1043
⚠️ Warning: Depth video ended at frame 1044
⚠️ Warning: Depth video ended at frame 1045
⚠️ Warning: Depth video ended at frame 1046
⚠️ Warning: Depth video ended at frame 1047
⚠️ Warning: Depth video ended at frame 1048
⚠️ Warning: Depth video ended at frame 1049
⚠️ Warning: Depth video ended at frame 1050
⚠️ Warning: Depth video ended at frame 1051
⚠️ Warning: Depth video ended at frame 1052
⚠️ Warning: Depth video ended at frame 1053
⚠️ Warning: Depth video ended at frame 1054
⚠️ Warning: Depth video ended at frame 1055
⚠️ Warning: Depth video ended at frame 1056
⚠️ Warning: Depth video ended at frame 1057
⚠️ Warning: Depth video ended at frame 1058
⚠️ Warning: Depth video ended at frame 1059
⚠️ Warning: Depth video ended at frame 1060
⚠️ Warning: Depth video ended at frame 1061
⚠️ Warning: Depth video ended at frame 1062
⚠️ Warning: Depth video ended at frame 1063
⚠️ Warning: Depth video ended at frame 1064
⚠️ Warning: Depth video ended at frame 1065
⚠️ Warning: Depth video ended at frame 1066
⚠️ Warning: Depth video ended at frame 1067
⚠️ Warning: Depth video ended at frame 1068
⚠️ Warning: Depth video ended at frame 1069
⚠️ Warning: Depth video ended at frame 1070
⚠️ Warning: Depth video ended at frame 1071
⚠️ Warning: Depth video ended at frame 1072
⚠️ Warning: Depth video ended at frame 1073
⚠️ Warning: Depth video ended at frame 1074
⚠️ Warning: Depth video ended at frame 1075
⚠️ Warning: Depth video ended at frame 1076
⚠️ Warning: Depth video ended at frame 1077
⚠️ Warning: Depth video ended at frame 1078
⚠️ Warning: Depth video ended at frame 1079
⚠️ Warning: Depth video ended at frame 1080
⚠️ Warning: Depth video ended at frame 1081
⚠️ Warning: Depth video ended at frame 1082
⚠️ Warning: Depth video ended at frame 1083
⚠️ Warning: Depth video ended at frame 1084
⚠️ Warning: Depth video ended at frame 1085
⚠️ Warning: Depth video ended at frame 1086
⚠️ Warning: Depth video ended at frame 1087
⚠️ Warning: Depth video ended at frame 1088
⚠️ Warning: Depth video ended at frame 1089
⚠️ Warning: Depth video ended at frame 1090
⚠️ Warning: Depth video ended at frame 1091
⚠️ Warning: Depth video ended at frame 1092
⚠️ Warning: Depth video ended at frame 1093
⚠️ Warning: Depth video ended at frame 1094
⚠️ Warning: Depth video ended at frame 1095
⚠️ Warning: Depth video ended at frame 1096
⚠️ Warning: Depth video ended at frame 1097
⚠️ Warning: Depth video ended at frame 1098
⚠️ Warning: Depth video ended at frame 1099
  Processed 1100 frames | FPS: 56.13
⚠️ Warning: Depth video ended at frame 1100
⚠️ Warning: Depth video ended at frame 1101
⚠️ Warning: Depth video ended at frame 1102
⚠️ Warning: Depth video ended at frame 1103
⚠️ Warning: Depth video ended at frame 1104
⚠️ Warning: Depth video ended at frame 1105
⚠️ Warning: Depth video ended at frame 1106
⚠️ Warning: Depth video ended at frame 1107
⚠️ Warning: Depth video ended at frame 1108
⚠️ Warning: Depth video ended at frame 1109
⚠️ Warning: Depth video ended at frame 1110
⚠️ Warning: Depth video ended at frame 1111
⚠️ Warning: Depth video ended at frame 1112
⚠️ Warning: Depth video ended at frame 1113
⚠️ Warning: Depth video ended at frame 1114
⚠️ Warning: Depth video ended at frame 1115
⚠️ Warning: Depth video ended at frame 1116
⚠️ Warning: Depth video ended at frame 1117
⚠️ Warning: Depth video ended at frame 1118
⚠️ Warning: Depth video ended at frame 1119
⚠️ Warning: Depth video ended at frame 1120
⚠️ Warning: Depth video ended at frame 1121
⚠️ Warning: Depth video ended at frame 1122
⚠️ Warning: Depth video ended at frame 1123
⚠️ Warning: Depth video ended at frame 1124
⚠️ Warning: Depth video ended at frame 1125
⚠️ Warning: Depth video ended at frame 1126
⚠️ Warning: Depth video ended at frame 1127
⚠️ Warning: Depth video ended at frame 1128
⚠️ Warning: Depth video ended at frame 1129
⚠️ Warning: Depth video ended at frame 1130
⚠️ Warning: Depth video ended at frame 1131
⚠️ Warning: Depth video ended at frame 1132
⚠️ Warning: Depth video ended at frame 1133
⚠️ Warning: Depth video ended at frame 1134
⚠️ Warning: Depth video ended at frame 1135
⚠️ Warning: Depth video ended at frame 1136
⚠️ Warning: Depth video ended at frame 1137
⚠️ Warning: Depth video ended at frame 1138
⚠️ Warning: Depth video ended at frame 1139
⚠️ Warning: Depth video ended at frame 1140
⚠️ Warning: Depth video ended at frame 1141
⚠️ Warning: Depth video ended at frame 1142
⚠️ Warning: Depth video ended at frame 1143
⚠️ Warning: Depth video ended at frame 1144
⚠️ Warning: Depth video ended at frame 1145
⚠️ Warning: Depth video ended at frame 1146
⚠️ Warning: Depth video ended at frame 1147
⚠️ Warning: Depth video ended at frame 1148
⚠️ Warning: Depth video ended at frame 1149
⚠️ Warning: Depth video ended at frame 1150
⚠️ Warning: Depth video ended at frame 1151
⚠️ Warning: Depth video ended at frame 1152
⚠️ Warning: Depth video ended at frame 1153
⚠️ Warning: Depth video ended at frame 1154
⚠️ Warning: Depth video ended at frame 1155
⚠️ Warning: Depth video ended at frame 1156
⚠️ Warning: Depth video ended at frame 1157
⚠️ Warning: Depth video ended at frame 1158
⚠️ Warning: Depth video ended at frame 1159
⚠️ Warning: Depth video ended at frame 1160
⚠️ Warning: Depth video ended at frame 1161
⚠️ Warning: Depth video ended at frame 1162
⚠️ Warning: Depth video ended at frame 1163
⚠️ Warning: Depth video ended at frame 1164
⚠️ Warning: Depth video ended at frame 1165
⚠️ Warning: Depth video ended at frame 1166
⚠️ Warning: Depth video ended at frame 1167
⚠️ Warning: Depth video ended at frame 1168
⚠️ Warning: Depth video ended at frame 1169
⚠️ Warning: Depth video ended at frame 1170
⚠️ Warning: Depth video ended at frame 1171
⚠️ Warning: Depth video ended at frame 1172
⚠️ Warning: Depth video ended at frame 1173
⚠️ Warning: Depth video ended at frame 1174
⚠️ Warning: Depth video ended at frame 1175

✅ Completed hsv_depth: 1176 frames in 21.09s
   Average FPS: 66.05
   MOTA: 0.788 | IDF1: 0.995
Metrics exported to: benchmark/results/with_deepsort/hsv_depth_results.json
   Results saved to: benchmark/results/with_deepsort/hsv_depth_results.json

======================================================================
Running: shape_depth
======================================================================
⚠️ Warning: Depth video ended at frame 0
⚠️ Warning: Depth video ended at frame 1
⚠️ Warning: Depth video ended at frame 2
⚠️ Warning: Depth video ended at frame 3
⚠️ Warning: Depth video ended at frame 4
⚠️ Warning: Depth video ended at frame 5
⚠️ Warning: Depth video ended at frame 6
⚠️ Warning: Depth video ended at frame 7
⚠️ Warning: Depth video ended at frame 8
⚠️ Warning: Depth video ended at frame 9
⚠️ Warning: Depth video ended at frame 10
⚠️ Warning: Depth video ended at frame 11
⚠️ Warning: Depth video ended at frame 12
⚠️ Warning: Depth video ended at frame 13
⚠️ Warning: Depth video ended at frame 14
⚠️ Warning: Depth video ended at frame 15
⚠️ Warning: Depth video ended at frame 16
⚠️ Warning: Depth video ended at frame 17
⚠️ Warning: Depth video ended at frame 18
⚠️ Warning: Depth video ended at frame 19
⚠️ Warning: Depth video ended at frame 20
⚠️ Warning: Depth video ended at frame 21
⚠️ Warning: Depth video ended at frame 22
⚠️ Warning: Depth video ended at frame 23
⚠️ Warning: Depth video ended at frame 24
⚠️ Warning: Depth video ended at frame 25
⚠️ Warning: Depth video ended at frame 26
⚠️ Warning: Depth video ended at frame 27
⚠️ Warning: Depth video ended at frame 28
⚠️ Warning: Depth video ended at frame 29
⚠️ Warning: Depth video ended at frame 30
⚠️ Warning: Depth video ended at frame 31
⚠️ Warning: Depth video ended at frame 32
⚠️ Warning: Depth video ended at frame 33
⚠️ Warning: Depth video ended at frame 34
⚠️ Warning: Depth video ended at frame 35
⚠️ Warning: Depth video ended at frame 36
⚠️ Warning: Depth video ended at frame 37
⚠️ Warning: Depth video ended at frame 38
⚠️ Warning: Depth video ended at frame 39
⚠️ Warning: Depth video ended at frame 40
⚠️ Warning: Depth video ended at frame 41
⚠️ Warning: Depth video ended at frame 42
⚠️ Warning: Depth video ended at frame 43
⚠️ Warning: Depth video ended at frame 44
⚠️ Warning: Depth video ended at frame 45
⚠️ Warning: Depth video ended at frame 46
⚠️ Warning: Depth video ended at frame 47
⚠️ Warning: Depth video ended at frame 48
⚠️ Warning: Depth video ended at frame 49
⚠️ Warning: Depth video ended at frame 50
⚠️ Warning: Depth video ended at frame 51
⚠️ Warning: Depth video ended at frame 52
⚠️ Warning: Depth video ended at frame 53
⚠️ Warning: Depth video ended at frame 54
⚠️ Warning: Depth video ended at frame 55
⚠️ Warning: Depth video ended at frame 56
⚠️ Warning: Depth video ended at frame 57
⚠️ Warning: Depth video ended at frame 58
⚠️ Warning: Depth video ended at frame 59
⚠️ Warning: Depth video ended at frame 60
⚠️ Warning: Depth video ended at frame 61
⚠️ Warning: Depth video ended at frame 62
⚠️ Warning: Depth video ended at frame 63
⚠️ Warning: Depth video ended at frame 64
⚠️ Warning: Depth video ended at frame 65
⚠️ Warning: Depth video ended at frame 66
⚠️ Warning: Depth video ended at frame 67
⚠️ Warning: Depth video ended at frame 68
⚠️ Warning: Depth video ended at frame 69
⚠️ Warning: Depth video ended at frame 70
⚠️ Warning: Depth video ended at frame 71
⚠️ Warning: Depth video ended at frame 72
⚠️ Warning: Depth video ended at frame 73
⚠️ Warning: Depth video ended at frame 74
⚠️ Warning: Depth video ended at frame 75
⚠️ Warning: Depth video ended at frame 76
⚠️ Warning: Depth video ended at frame 77
⚠️ Warning: Depth video ended at frame 78
⚠️ Warning: Depth video ended at frame 79
⚠️ Warning: Depth video ended at frame 80
⚠️ Warning: Depth video ended at frame 81
⚠️ Warning: Depth video ended at frame 82
⚠️ Warning: Depth video ended at frame 83
⚠️ Warning: Depth video ended at frame 84
⚠️ Warning: Depth video ended at frame 85
⚠️ Warning: Depth video ended at frame 86
⚠️ Warning: Depth video ended at frame 87
⚠️ Warning: Depth video ended at frame 88
⚠️ Warning: Depth video ended at frame 89
⚠️ Warning: Depth video ended at frame 90
⚠️ Warning: Depth video ended at frame 91
⚠️ Warning: Depth video ended at frame 92
⚠️ Warning: Depth video ended at frame 93
⚠️ Warning: Depth video ended at frame 94
⚠️ Warning: Depth video ended at frame 95
⚠️ Warning: Depth video ended at frame 96
⚠️ Warning: Depth video ended at frame 97
⚠️ Warning: Depth video ended at frame 98
⚠️ Warning: Depth video ended at frame 99
  Processed 100 frames | FPS: 30.08
⚠️ Warning: Depth video ended at frame 100
⚠️ Warning: Depth video ended at frame 101
⚠️ Warning: Depth video ended at frame 102
⚠️ Warning: Depth video ended at frame 103
⚠️ Warning: Depth video ended at frame 104
⚠️ Warning: Depth video ended at frame 105
⚠️ Warning: Depth video ended at frame 106
⚠️ Warning: Depth video ended at frame 107
⚠️ Warning: Depth video ended at frame 108
⚠️ Warning: Depth video ended at frame 109
⚠️ Warning: Depth video ended at frame 110
⚠️ Warning: Depth video ended at frame 111
⚠️ Warning: Depth video ended at frame 112
⚠️ Warning: Depth video ended at frame 113
⚠️ Warning: Depth video ended at frame 114
⚠️ Warning: Depth video ended at frame 115
⚠️ Warning: Depth video ended at frame 116
⚠️ Warning: Depth video ended at frame 117
⚠️ Warning: Depth video ended at frame 118
⚠️ Warning: Depth video ended at frame 119
⚠️ Warning: Depth video ended at frame 120
⚠️ Warning: Depth video ended at frame 121
⚠️ Warning: Depth video ended at frame 122
⚠️ Warning: Depth video ended at frame 123
⚠️ Warning: Depth video ended at frame 124
⚠️ Warning: Depth video ended at frame 125
⚠️ Warning: Depth video ended at frame 126
⚠️ Warning: Depth video ended at frame 127
⚠️ Warning: Depth video ended at frame 128
⚠️ Warning: Depth video ended at frame 129
⚠️ Warning: Depth video ended at frame 130
⚠️ Warning: Depth video ended at frame 131
⚠️ Warning: Depth video ended at frame 132
⚠️ Warning: Depth video ended at frame 133
⚠️ Warning: Depth video ended at frame 134
⚠️ Warning: Depth video ended at frame 135
⚠️ Warning: Depth video ended at frame 136
⚠️ Warning: Depth video ended at frame 137
⚠️ Warning: Depth video ended at frame 138
⚠️ Warning: Depth video ended at frame 139
⚠️ Warning: Depth video ended at frame 140
⚠️ Warning: Depth video ended at frame 141
⚠️ Warning: Depth video ended at frame 142
⚠️ Warning: Depth video ended at frame 143
⚠️ Warning: Depth video ended at frame 144
⚠️ Warning: Depth video ended at frame 145
⚠️ Warning: Depth video ended at frame 146
⚠️ Warning: Depth video ended at frame 147
⚠️ Warning: Depth video ended at frame 148
⚠️ Warning: Depth video ended at frame 149
⚠️ Warning: Depth video ended at frame 150
⚠️ Warning: Depth video ended at frame 151
⚠️ Warning: Depth video ended at frame 152
⚠️ Warning: Depth video ended at frame 153
⚠️ Warning: Depth video ended at frame 154
⚠️ Warning: Depth video ended at frame 155
⚠️ Warning: Depth video ended at frame 156
⚠️ Warning: Depth video ended at frame 157
⚠️ Warning: Depth video ended at frame 158
⚠️ Warning: Depth video ended at frame 159
⚠️ Warning: Depth video ended at frame 160
⚠️ Warning: Depth video ended at frame 161
⚠️ Warning: Depth video ended at frame 162
⚠️ Warning: Depth video ended at frame 163
⚠️ Warning: Depth video ended at frame 164
⚠️ Warning: Depth video ended at frame 165
⚠️ Warning: Depth video ended at frame 166
⚠️ Warning: Depth video ended at frame 167
⚠️ Warning: Depth video ended at frame 168
⚠️ Warning: Depth video ended at frame 169
⚠️ Warning: Depth video ended at frame 170
⚠️ Warning: Depth video ended at frame 171
⚠️ Warning: Depth video ended at frame 172
⚠️ Warning: Depth video ended at frame 173
⚠️ Warning: Depth video ended at frame 174
⚠️ Warning: Depth video ended at frame 175
⚠️ Warning: Depth video ended at frame 176
⚠️ Warning: Depth video ended at frame 177
⚠️ Warning: Depth video ended at frame 178
⚠️ Warning: Depth video ended at frame 179
⚠️ Warning: Depth video ended at frame 180
⚠️ Warning: Depth video ended at frame 181
⚠️ Warning: Depth video ended at frame 182
⚠️ Warning: Depth video ended at frame 183
⚠️ Warning: Depth video ended at frame 184
⚠️ Warning: Depth video ended at frame 185
⚠️ Warning: Depth video ended at frame 186
⚠️ Warning: Depth video ended at frame 187
⚠️ Warning: Depth video ended at frame 188
⚠️ Warning: Depth video ended at frame 189
⚠️ Warning: Depth video ended at frame 190
⚠️ Warning: Depth video ended at frame 191
⚠️ Warning: Depth video ended at frame 192
⚠️ Warning: Depth video ended at frame 193
⚠️ Warning: Depth video ended at frame 194
⚠️ Warning: Depth video ended at frame 195
⚠️ Warning: Depth video ended at frame 196
⚠️ Warning: Depth video ended at frame 197
⚠️ Warning: Depth video ended at frame 198
⚠️ Warning: Depth video ended at frame 199
  Processed 200 frames | FPS: 30.96
⚠️ Warning: Depth video ended at frame 200
⚠️ Warning: Depth video ended at frame 201
⚠️ Warning: Depth video ended at frame 202
⚠️ Warning: Depth video ended at frame 203
⚠️ Warning: Depth video ended at frame 204
⚠️ Warning: Depth video ended at frame 205
⚠️ Warning: Depth video ended at frame 206
⚠️ Warning: Depth video ended at frame 207
⚠️ Warning: Depth video ended at frame 208
⚠️ Warning: Depth video ended at frame 209
⚠️ Warning: Depth video ended at frame 210
⚠️ Warning: Depth video ended at frame 211
⚠️ Warning: Depth video ended at frame 212
⚠️ Warning: Depth video ended at frame 213
⚠️ Warning: Depth video ended at frame 214
⚠️ Warning: Depth video ended at frame 215
⚠️ Warning: Depth video ended at frame 216
⚠️ Warning: Depth video ended at frame 217
⚠️ Warning: Depth video ended at frame 218
⚠️ Warning: Depth video ended at frame 219
⚠️ Warning: Depth video ended at frame 220
⚠️ Warning: Depth video ended at frame 221
⚠️ Warning: Depth video ended at frame 222
⚠️ Warning: Depth video ended at frame 223
⚠️ Warning: Depth video ended at frame 224
⚠️ Warning: Depth video ended at frame 225
⚠️ Warning: Depth video ended at frame 226
⚠️ Warning: Depth video ended at frame 227
⚠️ Warning: Depth video ended at frame 228
⚠️ Warning: Depth video ended at frame 229
⚠️ Warning: Depth video ended at frame 230
⚠️ Warning: Depth video ended at frame 231
⚠️ Warning: Depth video ended at frame 232
⚠️ Warning: Depth video ended at frame 233
⚠️ Warning: Depth video ended at frame 234
⚠️ Warning: Depth video ended at frame 235
⚠️ Warning: Depth video ended at frame 236
⚠️ Warning: Depth video ended at frame 237
⚠️ Warning: Depth video ended at frame 238
⚠️ Warning: Depth video ended at frame 239
⚠️ Warning: Depth video ended at frame 240
⚠️ Warning: Depth video ended at frame 241
⚠️ Warning: Depth video ended at frame 242
⚠️ Warning: Depth video ended at frame 243
⚠️ Warning: Depth video ended at frame 244
⚠️ Warning: Depth video ended at frame 245
⚠️ Warning: Depth video ended at frame 246
⚠️ Warning: Depth video ended at frame 247
⚠️ Warning: Depth video ended at frame 248
⚠️ Warning: Depth video ended at frame 249
⚠️ Warning: Depth video ended at frame 250
⚠️ Warning: Depth video ended at frame 251
⚠️ Warning: Depth video ended at frame 252
⚠️ Warning: Depth video ended at frame 253
⚠️ Warning: Depth video ended at frame 254
⚠️ Warning: Depth video ended at frame 255
⚠️ Warning: Depth video ended at frame 256
⚠️ Warning: Depth video ended at frame 257
⚠️ Warning: Depth video ended at frame 258
⚠️ Warning: Depth video ended at frame 259
⚠️ Warning: Depth video ended at frame 260
⚠️ Warning: Depth video ended at frame 261
⚠️ Warning: Depth video ended at frame 262
⚠️ Warning: Depth video ended at frame 263
⚠️ Warning: Depth video ended at frame 264
⚠️ Warning: Depth video ended at frame 265
⚠️ Warning: Depth video ended at frame 266
⚠️ Warning: Depth video ended at frame 267
⚠️ Warning: Depth video ended at frame 268
⚠️ Warning: Depth video ended at frame 269
⚠️ Warning: Depth video ended at frame 270
⚠️ Warning: Depth video ended at frame 271
⚠️ Warning: Depth video ended at frame 272
⚠️ Warning: Depth video ended at frame 273
⚠️ Warning: Depth video ended at frame 274
⚠️ Warning: Depth video ended at frame 275
⚠️ Warning: Depth video ended at frame 276
⚠️ Warning: Depth video ended at frame 277
⚠️ Warning: Depth video ended at frame 278
⚠️ Warning: Depth video ended at frame 279
⚠️ Warning: Depth video ended at frame 280
⚠️ Warning: Depth video ended at frame 281
⚠️ Warning: Depth video ended at frame 282
⚠️ Warning: Depth video ended at frame 283
⚠️ Warning: Depth video ended at frame 284
⚠️ Warning: Depth video ended at frame 285
⚠️ Warning: Depth video ended at frame 286
⚠️ Warning: Depth video ended at frame 287
⚠️ Warning: Depth video ended at frame 288
⚠️ Warning: Depth video ended at frame 289
⚠️ Warning: Depth video ended at frame 290
⚠️ Warning: Depth video ended at frame 291
⚠️ Warning: Depth video ended at frame 292
⚠️ Warning: Depth video ended at frame 293
⚠️ Warning: Depth video ended at frame 294
⚠️ Warning: Depth video ended at frame 295
⚠️ Warning: Depth video ended at frame 296
⚠️ Warning: Depth video ended at frame 297
⚠️ Warning: Depth video ended at frame 298
⚠️ Warning: Depth video ended at frame 299
  Processed 300 frames | FPS: 31.60
⚠️ Warning: Depth video ended at frame 300
⚠️ Warning: Depth video ended at frame 301
⚠️ Warning: Depth video ended at frame 302
⚠️ Warning: Depth video ended at frame 303
⚠️ Warning: Depth video ended at frame 304
⚠️ Warning: Depth video ended at frame 305
⚠️ Warning: Depth video ended at frame 306
⚠️ Warning: Depth video ended at frame 307
⚠️ Warning: Depth video ended at frame 308
⚠️ Warning: Depth video ended at frame 309
⚠️ Warning: Depth video ended at frame 310
⚠️ Warning: Depth video ended at frame 311
⚠️ Warning: Depth video ended at frame 312
⚠️ Warning: Depth video ended at frame 313
⚠️ Warning: Depth video ended at frame 314
⚠️ Warning: Depth video ended at frame 315
⚠️ Warning: Depth video ended at frame 316
⚠️ Warning: Depth video ended at frame 317
⚠️ Warning: Depth video ended at frame 318
⚠️ Warning: Depth video ended at frame 319
⚠️ Warning: Depth video ended at frame 320
⚠️ Warning: Depth video ended at frame 321
⚠️ Warning: Depth video ended at frame 322
⚠️ Warning: Depth video ended at frame 323
⚠️ Warning: Depth video ended at frame 324
⚠️ Warning: Depth video ended at frame 325
⚠️ Warning: Depth video ended at frame 326
⚠️ Warning: Depth video ended at frame 327
⚠️ Warning: Depth video ended at frame 328
⚠️ Warning: Depth video ended at frame 329
⚠️ Warning: Depth video ended at frame 330
⚠️ Warning: Depth video ended at frame 331
⚠️ Warning: Depth video ended at frame 332
⚠️ Warning: Depth video ended at frame 333
⚠️ Warning: Depth video ended at frame 334
⚠️ Warning: Depth video ended at frame 335
⚠️ Warning: Depth video ended at frame 336
⚠️ Warning: Depth video ended at frame 337
⚠️ Warning: Depth video ended at frame 338
⚠️ Warning: Depth video ended at frame 339
⚠️ Warning: Depth video ended at frame 340
⚠️ Warning: Depth video ended at frame 341
⚠️ Warning: Depth video ended at frame 342
⚠️ Warning: Depth video ended at frame 343
⚠️ Warning: Depth video ended at frame 344
⚠️ Warning: Depth video ended at frame 345
⚠️ Warning: Depth video ended at frame 346
⚠️ Warning: Depth video ended at frame 347
⚠️ Warning: Depth video ended at frame 348
⚠️ Warning: Depth video ended at frame 349
⚠️ Warning: Depth video ended at frame 350
⚠️ Warning: Depth video ended at frame 351
⚠️ Warning: Depth video ended at frame 352
⚠️ Warning: Depth video ended at frame 353
⚠️ Warning: Depth video ended at frame 354
⚠️ Warning: Depth video ended at frame 355
⚠️ Warning: Depth video ended at frame 356
⚠️ Warning: Depth video ended at frame 357
⚠️ Warning: Depth video ended at frame 358
⚠️ Warning: Depth video ended at frame 359
⚠️ Warning: Depth video ended at frame 360
⚠️ Warning: Depth video ended at frame 361
⚠️ Warning: Depth video ended at frame 362
⚠️ Warning: Depth video ended at frame 363
⚠️ Warning: Depth video ended at frame 364
⚠️ Warning: Depth video ended at frame 365
⚠️ Warning: Depth video ended at frame 366
⚠️ Warning: Depth video ended at frame 367
⚠️ Warning: Depth video ended at frame 368
⚠️ Warning: Depth video ended at frame 369
⚠️ Warning: Depth video ended at frame 370
⚠️ Warning: Depth video ended at frame 371
⚠️ Warning: Depth video ended at frame 372
⚠️ Warning: Depth video ended at frame 373
⚠️ Warning: Depth video ended at frame 374
⚠️ Warning: Depth video ended at frame 375
⚠️ Warning: Depth video ended at frame 376
⚠️ Warning: Depth video ended at frame 377
⚠️ Warning: Depth video ended at frame 378
⚠️ Warning: Depth video ended at frame 379
⚠️ Warning: Depth video ended at frame 380
⚠️ Warning: Depth video ended at frame 381
⚠️ Warning: Depth video ended at frame 382
⚠️ Warning: Depth video ended at frame 383
⚠️ Warning: Depth video ended at frame 384
⚠️ Warning: Depth video ended at frame 385
⚠️ Warning: Depth video ended at frame 386
⚠️ Warning: Depth video ended at frame 387
⚠️ Warning: Depth video ended at frame 388
⚠️ Warning: Depth video ended at frame 389
⚠️ Warning: Depth video ended at frame 390
⚠️ Warning: Depth video ended at frame 391
⚠️ Warning: Depth video ended at frame 392
⚠️ Warning: Depth video ended at frame 393
⚠️ Warning: Depth video ended at frame 394
⚠️ Warning: Depth video ended at frame 395
⚠️ Warning: Depth video ended at frame 396
⚠️ Warning: Depth video ended at frame 397
⚠️ Warning: Depth video ended at frame 398
⚠️ Warning: Depth video ended at frame 399
  Processed 400 frames | FPS: 29.86
⚠️ Warning: Depth video ended at frame 400
⚠️ Warning: Depth video ended at frame 401
⚠️ Warning: Depth video ended at frame 402
⚠️ Warning: Depth video ended at frame 403
⚠️ Warning: Depth video ended at frame 404
⚠️ Warning: Depth video ended at frame 405
⚠️ Warning: Depth video ended at frame 406
⚠️ Warning: Depth video ended at frame 407
⚠️ Warning: Depth video ended at frame 408
⚠️ Warning: Depth video ended at frame 409
⚠️ Warning: Depth video ended at frame 410
⚠️ Warning: Depth video ended at frame 411
⚠️ Warning: Depth video ended at frame 412
⚠️ Warning: Depth video ended at frame 413
⚠️ Warning: Depth video ended at frame 414
⚠️ Warning: Depth video ended at frame 415
⚠️ Warning: Depth video ended at frame 416
⚠️ Warning: Depth video ended at frame 417
⚠️ Warning: Depth video ended at frame 418
⚠️ Warning: Depth video ended at frame 419
⚠️ Warning: Depth video ended at frame 420
⚠️ Warning: Depth video ended at frame 421
⚠️ Warning: Depth video ended at frame 422
⚠️ Warning: Depth video ended at frame 423
⚠️ Warning: Depth video ended at frame 424
⚠️ Warning: Depth video ended at frame 425
⚠️ Warning: Depth video ended at frame 426
⚠️ Warning: Depth video ended at frame 427
⚠️ Warning: Depth video ended at frame 428
⚠️ Warning: Depth video ended at frame 429
⚠️ Warning: Depth video ended at frame 430
⚠️ Warning: Depth video ended at frame 431
⚠️ Warning: Depth video ended at frame 432
⚠️ Warning: Depth video ended at frame 433
⚠️ Warning: Depth video ended at frame 434
⚠️ Warning: Depth video ended at frame 435
⚠️ Warning: Depth video ended at frame 436
⚠️ Warning: Depth video ended at frame 437
⚠️ Warning: Depth video ended at frame 438
⚠️ Warning: Depth video ended at frame 439
⚠️ Warning: Depth video ended at frame 440
⚠️ Warning: Depth video ended at frame 441
⚠️ Warning: Depth video ended at frame 442
⚠️ Warning: Depth video ended at frame 443
⚠️ Warning: Depth video ended at frame 444
⚠️ Warning: Depth video ended at frame 445
⚠️ Warning: Depth video ended at frame 446
⚠️ Warning: Depth video ended at frame 447
⚠️ Warning: Depth video ended at frame 448
⚠️ Warning: Depth video ended at frame 449
⚠️ Warning: Depth video ended at frame 450
⚠️ Warning: Depth video ended at frame 451
⚠️ Warning: Depth video ended at frame 452
⚠️ Warning: Depth video ended at frame 453
⚠️ Warning: Depth video ended at frame 454
⚠️ Warning: Depth video ended at frame 455
⚠️ Warning: Depth video ended at frame 456
⚠️ Warning: Depth video ended at frame 457
⚠️ Warning: Depth video ended at frame 458
⚠️ Warning: Depth video ended at frame 459
⚠️ Warning: Depth video ended at frame 460
⚠️ Warning: Depth video ended at frame 461
⚠️ Warning: Depth video ended at frame 462
⚠️ Warning: Depth video ended at frame 463
⚠️ Warning: Depth video ended at frame 464
⚠️ Warning: Depth video ended at frame 465
⚠️ Warning: Depth video ended at frame 466
⚠️ Warning: Depth video ended at frame 467
⚠️ Warning: Depth video ended at frame 468
⚠️ Warning: Depth video ended at frame 469
⚠️ Warning: Depth video ended at frame 470
⚠️ Warning: Depth video ended at frame 471
⚠️ Warning: Depth video ended at frame 472
⚠️ Warning: Depth video ended at frame 473
⚠️ Warning: Depth video ended at frame 474
⚠️ Warning: Depth video ended at frame 475
⚠️ Warning: Depth video ended at frame 476
⚠️ Warning: Depth video ended at frame 477
⚠️ Warning: Depth video ended at frame 478
⚠️ Warning: Depth video ended at frame 479
⚠️ Warning: Depth video ended at frame 480
⚠️ Warning: Depth video ended at frame 481
⚠️ Warning: Depth video ended at frame 482
⚠️ Warning: Depth video ended at frame 483
⚠️ Warning: Depth video ended at frame 484
⚠️ Warning: Depth video ended at frame 485
⚠️ Warning: Depth video ended at frame 486
⚠️ Warning: Depth video ended at frame 487
⚠️ Warning: Depth video ended at frame 488
⚠️ Warning: Depth video ended at frame 489
⚠️ Warning: Depth video ended at frame 490
⚠️ Warning: Depth video ended at frame 491
⚠️ Warning: Depth video ended at frame 492
⚠️ Warning: Depth video ended at frame 493
⚠️ Warning: Depth video ended at frame 494
⚠️ Warning: Depth video ended at frame 495
⚠️ Warning: Depth video ended at frame 496
⚠️ Warning: Depth video ended at frame 497
⚠️ Warning: Depth video ended at frame 498
⚠️ Warning: Depth video ended at frame 499
  Processed 500 frames | FPS: 28.26
⚠️ Warning: Depth video ended at frame 500
⚠️ Warning: Depth video ended at frame 501
⚠️ Warning: Depth video ended at frame 502
⚠️ Warning: Depth video ended at frame 503
⚠️ Warning: Depth video ended at frame 504
⚠️ Warning: Depth video ended at frame 505
⚠️ Warning: Depth video ended at frame 506
⚠️ Warning: Depth video ended at frame 507
⚠️ Warning: Depth video ended at frame 508
⚠️ Warning: Depth video ended at frame 509
⚠️ Warning: Depth video ended at frame 510
⚠️ Warning: Depth video ended at frame 511
⚠️ Warning: Depth video ended at frame 512
⚠️ Warning: Depth video ended at frame 513
⚠️ Warning: Depth video ended at frame 514
⚠️ Warning: Depth video ended at frame 515
⚠️ Warning: Depth video ended at frame 516
⚠️ Warning: Depth video ended at frame 517
⚠️ Warning: Depth video ended at frame 518
⚠️ Warning: Depth video ended at frame 519
⚠️ Warning: Depth video ended at frame 520
⚠️ Warning: Depth video ended at frame 521
⚠️ Warning: Depth video ended at frame 522
⚠️ Warning: Depth video ended at frame 523
⚠️ Warning: Depth video ended at frame 524
⚠️ Warning: Depth video ended at frame 525
⚠️ Warning: Depth video ended at frame 526
⚠️ Warning: Depth video ended at frame 527
⚠️ Warning: Depth video ended at frame 528
⚠️ Warning: Depth video ended at frame 529
⚠️ Warning: Depth video ended at frame 530
⚠️ Warning: Depth video ended at frame 531
⚠️ Warning: Depth video ended at frame 532
⚠️ Warning: Depth video ended at frame 533
⚠️ Warning: Depth video ended at frame 534
⚠️ Warning: Depth video ended at frame 535
⚠️ Warning: Depth video ended at frame 536
⚠️ Warning: Depth video ended at frame 537
⚠️ Warning: Depth video ended at frame 538
⚠️ Warning: Depth video ended at frame 539
⚠️ Warning: Depth video ended at frame 540
⚠️ Warning: Depth video ended at frame 541
⚠️ Warning: Depth video ended at frame 542
⚠️ Warning: Depth video ended at frame 543
⚠️ Warning: Depth video ended at frame 544
⚠️ Warning: Depth video ended at frame 545
⚠️ Warning: Depth video ended at frame 546
⚠️ Warning: Depth video ended at frame 547
⚠️ Warning: Depth video ended at frame 548
⚠️ Warning: Depth video ended at frame 549
⚠️ Warning: Depth video ended at frame 550
⚠️ Warning: Depth video ended at frame 551
⚠️ Warning: Depth video ended at frame 552
⚠️ Warning: Depth video ended at frame 553
⚠️ Warning: Depth video ended at frame 554
⚠️ Warning: Depth video ended at frame 555
⚠️ Warning: Depth video ended at frame 556
⚠️ Warning: Depth video ended at frame 557
⚠️ Warning: Depth video ended at frame 558
⚠️ Warning: Depth video ended at frame 559
⚠️ Warning: Depth video ended at frame 560
⚠️ Warning: Depth video ended at frame 561
⚠️ Warning: Depth video ended at frame 562
⚠️ Warning: Depth video ended at frame 563
⚠️ Warning: Depth video ended at frame 564
⚠️ Warning: Depth video ended at frame 565
⚠️ Warning: Depth video ended at frame 566
⚠️ Warning: Depth video ended at frame 567
⚠️ Warning: Depth video ended at frame 568
⚠️ Warning: Depth video ended at frame 569
⚠️ Warning: Depth video ended at frame 570
⚠️ Warning: Depth video ended at frame 571
⚠️ Warning: Depth video ended at frame 572
⚠️ Warning: Depth video ended at frame 573
⚠️ Warning: Depth video ended at frame 574
⚠️ Warning: Depth video ended at frame 575
⚠️ Warning: Depth video ended at frame 576
⚠️ Warning: Depth video ended at frame 577
⚠️ Warning: Depth video ended at frame 578
⚠️ Warning: Depth video ended at frame 579
⚠️ Warning: Depth video ended at frame 580
⚠️ Warning: Depth video ended at frame 581
⚠️ Warning: Depth video ended at frame 582
⚠️ Warning: Depth video ended at frame 583
⚠️ Warning: Depth video ended at frame 584
⚠️ Warning: Depth video ended at frame 585
⚠️ Warning: Depth video ended at frame 586
⚠️ Warning: Depth video ended at frame 587
⚠️ Warning: Depth video ended at frame 588
⚠️ Warning: Depth video ended at frame 589
⚠️ Warning: Depth video ended at frame 590
⚠️ Warning: Depth video ended at frame 591
⚠️ Warning: Depth video ended at frame 592
⚠️ Warning: Depth video ended at frame 593
⚠️ Warning: Depth video ended at frame 594
⚠️ Warning: Depth video ended at frame 595
⚠️ Warning: Depth video ended at frame 596
⚠️ Warning: Depth video ended at frame 597
⚠️ Warning: Depth video ended at frame 598
⚠️ Warning: Depth video ended at frame 599
  Processed 600 frames | FPS: 28.34
⚠️ Warning: Depth video ended at frame 600
⚠️ Warning: Depth video ended at frame 601
⚠️ Warning: Depth video ended at frame 602
⚠️ Warning: Depth video ended at frame 603
⚠️ Warning: Depth video ended at frame 604
⚠️ Warning: Depth video ended at frame 605
⚠️ Warning: Depth video ended at frame 606
⚠️ Warning: Depth video ended at frame 607
⚠️ Warning: Depth video ended at frame 608
⚠️ Warning: Depth video ended at frame 609
⚠️ Warning: Depth video ended at frame 610
⚠️ Warning: Depth video ended at frame 611
⚠️ Warning: Depth video ended at frame 612
⚠️ Warning: Depth video ended at frame 613
⚠️ Warning: Depth video ended at frame 614
⚠️ Warning: Depth video ended at frame 615
⚠️ Warning: Depth video ended at frame 616
⚠️ Warning: Depth video ended at frame 617
⚠️ Warning: Depth video ended at frame 618
⚠️ Warning: Depth video ended at frame 619
⚠️ Warning: Depth video ended at frame 620
⚠️ Warning: Depth video ended at frame 621
⚠️ Warning: Depth video ended at frame 622
⚠️ Warning: Depth video ended at frame 623
⚠️ Warning: Depth video ended at frame 624
⚠️ Warning: Depth video ended at frame 625
⚠️ Warning: Depth video ended at frame 626
⚠️ Warning: Depth video ended at frame 627
⚠️ Warning: Depth video ended at frame 628
⚠️ Warning: Depth video ended at frame 629
⚠️ Warning: Depth video ended at frame 630
⚠️ Warning: Depth video ended at frame 631
⚠️ Warning: Depth video ended at frame 632
⚠️ Warning: Depth video ended at frame 633
⚠️ Warning: Depth video ended at frame 634
⚠️ Warning: Depth video ended at frame 635
⚠️ Warning: Depth video ended at frame 636
⚠️ Warning: Depth video ended at frame 637
⚠️ Warning: Depth video ended at frame 638
⚠️ Warning: Depth video ended at frame 639
⚠️ Warning: Depth video ended at frame 640
⚠️ Warning: Depth video ended at frame 641
⚠️ Warning: Depth video ended at frame 642
⚠️ Warning: Depth video ended at frame 643
⚠️ Warning: Depth video ended at frame 644
⚠️ Warning: Depth video ended at frame 645
⚠️ Warning: Depth video ended at frame 646
⚠️ Warning: Depth video ended at frame 647
⚠️ Warning: Depth video ended at frame 648
⚠️ Warning: Depth video ended at frame 649
⚠️ Warning: Depth video ended at frame 650
⚠️ Warning: Depth video ended at frame 651
⚠️ Warning: Depth video ended at frame 652
⚠️ Warning: Depth video ended at frame 653
⚠️ Warning: Depth video ended at frame 654
⚠️ Warning: Depth video ended at frame 655
⚠️ Warning: Depth video ended at frame 656
⚠️ Warning: Depth video ended at frame 657
⚠️ Warning: Depth video ended at frame 658
⚠️ Warning: Depth video ended at frame 659
⚠️ Warning: Depth video ended at frame 660
⚠️ Warning: Depth video ended at frame 661
⚠️ Warning: Depth video ended at frame 662
⚠️ Warning: Depth video ended at frame 663
⚠️ Warning: Depth video ended at frame 664
⚠️ Warning: Depth video ended at frame 665
⚠️ Warning: Depth video ended at frame 666
⚠️ Warning: Depth video ended at frame 667
⚠️ Warning: Depth video ended at frame 668
⚠️ Warning: Depth video ended at frame 669
⚠️ Warning: Depth video ended at frame 670
⚠️ Warning: Depth video ended at frame 671
⚠️ Warning: Depth video ended at frame 672
⚠️ Warning: Depth video ended at frame 673
⚠️ Warning: Depth video ended at frame 674
⚠️ Warning: Depth video ended at frame 675
⚠️ Warning: Depth video ended at frame 676
⚠️ Warning: Depth video ended at frame 677
⚠️ Warning: Depth video ended at frame 678
⚠️ Warning: Depth video ended at frame 679
⚠️ Warning: Depth video ended at frame 680
⚠️ Warning: Depth video ended at frame 681
⚠️ Warning: Depth video ended at frame 682
⚠️ Warning: Depth video ended at frame 683
⚠️ Warning: Depth video ended at frame 684
⚠️ Warning: Depth video ended at frame 685
⚠️ Warning: Depth video ended at frame 686
⚠️ Warning: Depth video ended at frame 687
⚠️ Warning: Depth video ended at frame 688
⚠️ Warning: Depth video ended at frame 689
⚠️ Warning: Depth video ended at frame 690
⚠️ Warning: Depth video ended at frame 691
⚠️ Warning: Depth video ended at frame 692
⚠️ Warning: Depth video ended at frame 693
⚠️ Warning: Depth video ended at frame 694
⚠️ Warning: Depth video ended at frame 695
⚠️ Warning: Depth video ended at frame 696
⚠️ Warning: Depth video ended at frame 697
⚠️ Warning: Depth video ended at frame 698
⚠️ Warning: Depth video ended at frame 699
  Processed 700 frames | FPS: 28.97
⚠️ Warning: Depth video ended at frame 700
⚠️ Warning: Depth video ended at frame 701
⚠️ Warning: Depth video ended at frame 702
⚠️ Warning: Depth video ended at frame 703
⚠️ Warning: Depth video ended at frame 704
⚠️ Warning: Depth video ended at frame 705
⚠️ Warning: Depth video ended at frame 706
⚠️ Warning: Depth video ended at frame 707
⚠️ Warning: Depth video ended at frame 708
⚠️ Warning: Depth video ended at frame 709
⚠️ Warning: Depth video ended at frame 710
⚠️ Warning: Depth video ended at frame 711
⚠️ Warning: Depth video ended at frame 712
⚠️ Warning: Depth video ended at frame 713
⚠️ Warning: Depth video ended at frame 714
⚠️ Warning: Depth video ended at frame 715
⚠️ Warning: Depth video ended at frame 716
⚠️ Warning: Depth video ended at frame 717
⚠️ Warning: Depth video ended at frame 718
⚠️ Warning: Depth video ended at frame 719
⚠️ Warning: Depth video ended at frame 720
⚠️ Warning: Depth video ended at frame 721
⚠️ Warning: Depth video ended at frame 722
⚠️ Warning: Depth video ended at frame 723
⚠️ Warning: Depth video ended at frame 724
⚠️ Warning: Depth video ended at frame 725
⚠️ Warning: Depth video ended at frame 726
⚠️ Warning: Depth video ended at frame 727
⚠️ Warning: Depth video ended at frame 728
⚠️ Warning: Depth video ended at frame 729
⚠️ Warning: Depth video ended at frame 730
⚠️ Warning: Depth video ended at frame 731
⚠️ Warning: Depth video ended at frame 732
⚠️ Warning: Depth video ended at frame 733
⚠️ Warning: Depth video ended at frame 734
⚠️ Warning: Depth video ended at frame 735
⚠️ Warning: Depth video ended at frame 736
⚠️ Warning: Depth video ended at frame 737
⚠️ Warning: Depth video ended at frame 738
⚠️ Warning: Depth video ended at frame 739
⚠️ Warning: Depth video ended at frame 740
⚠️ Warning: Depth video ended at frame 741
⚠️ Warning: Depth video ended at frame 742
⚠️ Warning: Depth video ended at frame 743
⚠️ Warning: Depth video ended at frame 744
⚠️ Warning: Depth video ended at frame 745
⚠️ Warning: Depth video ended at frame 746
⚠️ Warning: Depth video ended at frame 747
⚠️ Warning: Depth video ended at frame 748
⚠️ Warning: Depth video ended at frame 749
⚠️ Warning: Depth video ended at frame 750
⚠️ Warning: Depth video ended at frame 751
⚠️ Warning: Depth video ended at frame 752
⚠️ Warning: Depth video ended at frame 753
⚠️ Warning: Depth video ended at frame 754
⚠️ Warning: Depth video ended at frame 755
⚠️ Warning: Depth video ended at frame 756
⚠️ Warning: Depth video ended at frame 757
⚠️ Warning: Depth video ended at frame 758
⚠️ Warning: Depth video ended at frame 759
⚠️ Warning: Depth video ended at frame 760
⚠️ Warning: Depth video ended at frame 761
⚠️ Warning: Depth video ended at frame 762
⚠️ Warning: Depth video ended at frame 763
⚠️ Warning: Depth video ended at frame 764
⚠️ Warning: Depth video ended at frame 765
⚠️ Warning: Depth video ended at frame 766
⚠️ Warning: Depth video ended at frame 767
⚠️ Warning: Depth video ended at frame 768
⚠️ Warning: Depth video ended at frame 769
⚠️ Warning: Depth video ended at frame 770
⚠️ Warning: Depth video ended at frame 771
⚠️ Warning: Depth video ended at frame 772
⚠️ Warning: Depth video ended at frame 773
⚠️ Warning: Depth video ended at frame 774
⚠️ Warning: Depth video ended at frame 775
⚠️ Warning: Depth video ended at frame 776
⚠️ Warning: Depth video ended at frame 777
⚠️ Warning: Depth video ended at frame 778
⚠️ Warning: Depth video ended at frame 779
⚠️ Warning: Depth video ended at frame 780
⚠️ Warning: Depth video ended at frame 781
⚠️ Warning: Depth video ended at frame 782
⚠️ Warning: Depth video ended at frame 783
⚠️ Warning: Depth video ended at frame 784
⚠️ Warning: Depth video ended at frame 785
⚠️ Warning: Depth video ended at frame 786
⚠️ Warning: Depth video ended at frame 787
⚠️ Warning: Depth video ended at frame 788
⚠️ Warning: Depth video ended at frame 789
⚠️ Warning: Depth video ended at frame 790
⚠️ Warning: Depth video ended at frame 791
⚠️ Warning: Depth video ended at frame 792
⚠️ Warning: Depth video ended at frame 793
⚠️ Warning: Depth video ended at frame 794
⚠️ Warning: Depth video ended at frame 795
⚠️ Warning: Depth video ended at frame 796
⚠️ Warning: Depth video ended at frame 797
⚠️ Warning: Depth video ended at frame 798
⚠️ Warning: Depth video ended at frame 799
  Processed 800 frames | FPS: 28.65
⚠️ Warning: Depth video ended at frame 800
⚠️ Warning: Depth video ended at frame 801
⚠️ Warning: Depth video ended at frame 802
⚠️ Warning: Depth video ended at frame 803
⚠️ Warning: Depth video ended at frame 804
⚠️ Warning: Depth video ended at frame 805
⚠️ Warning: Depth video ended at frame 806
⚠️ Warning: Depth video ended at frame 807
⚠️ Warning: Depth video ended at frame 808
⚠️ Warning: Depth video ended at frame 809
⚠️ Warning: Depth video ended at frame 810
⚠️ Warning: Depth video ended at frame 811
⚠️ Warning: Depth video ended at frame 812
⚠️ Warning: Depth video ended at frame 813
⚠️ Warning: Depth video ended at frame 814
⚠️ Warning: Depth video ended at frame 815
⚠️ Warning: Depth video ended at frame 816
⚠️ Warning: Depth video ended at frame 817
⚠️ Warning: Depth video ended at frame 818
⚠️ Warning: Depth video ended at frame 819
⚠️ Warning: Depth video ended at frame 820
⚠️ Warning: Depth video ended at frame 821
⚠️ Warning: Depth video ended at frame 822
⚠️ Warning: Depth video ended at frame 823
⚠️ Warning: Depth video ended at frame 824
⚠️ Warning: Depth video ended at frame 825
⚠️ Warning: Depth video ended at frame 826
⚠️ Warning: Depth video ended at frame 827
⚠️ Warning: Depth video ended at frame 828
⚠️ Warning: Depth video ended at frame 829
⚠️ Warning: Depth video ended at frame 830
⚠️ Warning: Depth video ended at frame 831
⚠️ Warning: Depth video ended at frame 832
⚠️ Warning: Depth video ended at frame 833
⚠️ Warning: Depth video ended at frame 834
⚠️ Warning: Depth video ended at frame 835
⚠️ Warning: Depth video ended at frame 836
⚠️ Warning: Depth video ended at frame 837
⚠️ Warning: Depth video ended at frame 838
⚠️ Warning: Depth video ended at frame 839
⚠️ Warning: Depth video ended at frame 840
⚠️ Warning: Depth video ended at frame 841
⚠️ Warning: Depth video ended at frame 842
⚠️ Warning: Depth video ended at frame 843
⚠️ Warning: Depth video ended at frame 844
⚠️ Warning: Depth video ended at frame 845
⚠️ Warning: Depth video ended at frame 846
⚠️ Warning: Depth video ended at frame 847
⚠️ Warning: Depth video ended at frame 848
⚠️ Warning: Depth video ended at frame 849
⚠️ Warning: Depth video ended at frame 850
⚠️ Warning: Depth video ended at frame 851
⚠️ Warning: Depth video ended at frame 852
⚠️ Warning: Depth video ended at frame 853
⚠️ Warning: Depth video ended at frame 854
⚠️ Warning: Depth video ended at frame 855
⚠️ Warning: Depth video ended at frame 856
⚠️ Warning: Depth video ended at frame 857
⚠️ Warning: Depth video ended at frame 858
⚠️ Warning: Depth video ended at frame 859
⚠️ Warning: Depth video ended at frame 860
⚠️ Warning: Depth video ended at frame 861
⚠️ Warning: Depth video ended at frame 862
⚠️ Warning: Depth video ended at frame 863
⚠️ Warning: Depth video ended at frame 864
⚠️ Warning: Depth video ended at frame 865
⚠️ Warning: Depth video ended at frame 866
⚠️ Warning: Depth video ended at frame 867
⚠️ Warning: Depth video ended at frame 868
⚠️ Warning: Depth video ended at frame 869
⚠️ Warning: Depth video ended at frame 870
⚠️ Warning: Depth video ended at frame 871
⚠️ Warning: Depth video ended at frame 872
⚠️ Warning: Depth video ended at frame 873
⚠️ Warning: Depth video ended at frame 874
⚠️ Warning: Depth video ended at frame 875
⚠️ Warning: Depth video ended at frame 876
⚠️ Warning: Depth video ended at frame 877
⚠️ Warning: Depth video ended at frame 878
⚠️ Warning: Depth video ended at frame 879
⚠️ Warning: Depth video ended at frame 880
⚠️ Warning: Depth video ended at frame 881
⚠️ Warning: Depth video ended at frame 882
⚠️ Warning: Depth video ended at frame 883
⚠️ Warning: Depth video ended at frame 884
⚠️ Warning: Depth video ended at frame 885
⚠️ Warning: Depth video ended at frame 886
⚠️ Warning: Depth video ended at frame 887
⚠️ Warning: Depth video ended at frame 888
⚠️ Warning: Depth video ended at frame 889
⚠️ Warning: Depth video ended at frame 890
⚠️ Warning: Depth video ended at frame 891
⚠️ Warning: Depth video ended at frame 892
⚠️ Warning: Depth video ended at frame 893
⚠️ Warning: Depth video ended at frame 894
⚠️ Warning: Depth video ended at frame 895
⚠️ Warning: Depth video ended at frame 896
⚠️ Warning: Depth video ended at frame 897
⚠️ Warning: Depth video ended at frame 898
⚠️ Warning: Depth video ended at frame 899
  Processed 900 frames | FPS: 29.63
⚠️ Warning: Depth video ended at frame 900
⚠️ Warning: Depth video ended at frame 901
⚠️ Warning: Depth video ended at frame 902
⚠️ Warning: Depth video ended at frame 903
⚠️ Warning: Depth video ended at frame 904
⚠️ Warning: Depth video ended at frame 905
⚠️ Warning: Depth video ended at frame 906
⚠️ Warning: Depth video ended at frame 907
⚠️ Warning: Depth video ended at frame 908
⚠️ Warning: Depth video ended at frame 909
⚠️ Warning: Depth video ended at frame 910
⚠️ Warning: Depth video ended at frame 911
⚠️ Warning: Depth video ended at frame 912
⚠️ Warning: Depth video ended at frame 913
⚠️ Warning: Depth video ended at frame 914
⚠️ Warning: Depth video ended at frame 915
⚠️ Warning: Depth video ended at frame 916
⚠️ Warning: Depth video ended at frame 917
⚠️ Warning: Depth video ended at frame 918
⚠️ Warning: Depth video ended at frame 919
⚠️ Warning: Depth video ended at frame 920
⚠️ Warning: Depth video ended at frame 921
⚠️ Warning: Depth video ended at frame 922
⚠️ Warning: Depth video ended at frame 923
⚠️ Warning: Depth video ended at frame 924
⚠️ Warning: Depth video ended at frame 925
⚠️ Warning: Depth video ended at frame 926
⚠️ Warning: Depth video ended at frame 927
⚠️ Warning: Depth video ended at frame 928
⚠️ Warning: Depth video ended at frame 929
⚠️ Warning: Depth video ended at frame 930
⚠️ Warning: Depth video ended at frame 931
⚠️ Warning: Depth video ended at frame 932
⚠️ Warning: Depth video ended at frame 933
⚠️ Warning: Depth video ended at frame 934
⚠️ Warning: Depth video ended at frame 935
⚠️ Warning: Depth video ended at frame 936
⚠️ Warning: Depth video ended at frame 937
⚠️ Warning: Depth video ended at frame 938
⚠️ Warning: Depth video ended at frame 939
⚠️ Warning: Depth video ended at frame 940
⚠️ Warning: Depth video ended at frame 941
⚠️ Warning: Depth video ended at frame 942
⚠️ Warning: Depth video ended at frame 943
⚠️ Warning: Depth video ended at frame 944
⚠️ Warning: Depth video ended at frame 945
⚠️ Warning: Depth video ended at frame 946
⚠️ Warning: Depth video ended at frame 947
⚠️ Warning: Depth video ended at frame 948
⚠️ Warning: Depth video ended at frame 949
⚠️ Warning: Depth video ended at frame 950
⚠️ Warning: Depth video ended at frame 951
⚠️ Warning: Depth video ended at frame 952
⚠️ Warning: Depth video ended at frame 953
⚠️ Warning: Depth video ended at frame 954
⚠️ Warning: Depth video ended at frame 955
⚠️ Warning: Depth video ended at frame 956
⚠️ Warning: Depth video ended at frame 957
⚠️ Warning: Depth video ended at frame 958
⚠️ Warning: Depth video ended at frame 959
⚠️ Warning: Depth video ended at frame 960
⚠️ Warning: Depth video ended at frame 961
⚠️ Warning: Depth video ended at frame 962
⚠️ Warning: Depth video ended at frame 963
⚠️ Warning: Depth video ended at frame 964
⚠️ Warning: Depth video ended at frame 965
⚠️ Warning: Depth video ended at frame 966
⚠️ Warning: Depth video ended at frame 967
⚠️ Warning: Depth video ended at frame 968
⚠️ Warning: Depth video ended at frame 969
⚠️ Warning: Depth video ended at frame 970
⚠️ Warning: Depth video ended at frame 971
⚠️ Warning: Depth video ended at frame 972
⚠️ Warning: Depth video ended at frame 973
⚠️ Warning: Depth video ended at frame 974
⚠️ Warning: Depth video ended at frame 975
⚠️ Warning: Depth video ended at frame 976
⚠️ Warning: Depth video ended at frame 977
⚠️ Warning: Depth video ended at frame 978
⚠️ Warning: Depth video ended at frame 979
⚠️ Warning: Depth video ended at frame 980
⚠️ Warning: Depth video ended at frame 981
⚠️ Warning: Depth video ended at frame 982
⚠️ Warning: Depth video ended at frame 983
⚠️ Warning: Depth video ended at frame 984
⚠️ Warning: Depth video ended at frame 985
⚠️ Warning: Depth video ended at frame 986
⚠️ Warning: Depth video ended at frame 987
⚠️ Warning: Depth video ended at frame 988
⚠️ Warning: Depth video ended at frame 989
⚠️ Warning: Depth video ended at frame 990
⚠️ Warning: Depth video ended at frame 991
⚠️ Warning: Depth video ended at frame 992
⚠️ Warning: Depth video ended at frame 993
⚠️ Warning: Depth video ended at frame 994
⚠️ Warning: Depth video ended at frame 995
⚠️ Warning: Depth video ended at frame 996
⚠️ Warning: Depth video ended at frame 997
⚠️ Warning: Depth video ended at frame 998
⚠️ Warning: Depth video ended at frame 999
  Processed 1000 frames | FPS: 29.50
⚠️ Warning: Depth video ended at frame 1000
⚠️ Warning: Depth video ended at frame 1001
⚠️ Warning: Depth video ended at frame 1002
⚠️ Warning: Depth video ended at frame 1003
⚠️ Warning: Depth video ended at frame 1004
⚠️ Warning: Depth video ended at frame 1005
⚠️ Warning: Depth video ended at frame 1006
⚠️ Warning: Depth video ended at frame 1007
⚠️ Warning: Depth video ended at frame 1008
⚠️ Warning: Depth video ended at frame 1009
⚠️ Warning: Depth video ended at frame 1010
⚠️ Warning: Depth video ended at frame 1011
⚠️ Warning: Depth video ended at frame 1012
⚠️ Warning: Depth video ended at frame 1013
⚠️ Warning: Depth video ended at frame 1014
⚠️ Warning: Depth video ended at frame 1015
⚠️ Warning: Depth video ended at frame 1016
⚠️ Warning: Depth video ended at frame 1017
⚠️ Warning: Depth video ended at frame 1018
⚠️ Warning: Depth video ended at frame 1019
⚠️ Warning: Depth video ended at frame 1020
⚠️ Warning: Depth video ended at frame 1021
⚠️ Warning: Depth video ended at frame 1022
⚠️ Warning: Depth video ended at frame 1023
⚠️ Warning: Depth video ended at frame 1024
⚠️ Warning: Depth video ended at frame 1025
⚠️ Warning: Depth video ended at frame 1026
⚠️ Warning: Depth video ended at frame 1027
⚠️ Warning: Depth video ended at frame 1028
⚠️ Warning: Depth video ended at frame 1029
⚠️ Warning: Depth video ended at frame 1030
⚠️ Warning: Depth video ended at frame 1031
⚠️ Warning: Depth video ended at frame 1032
⚠️ Warning: Depth video ended at frame 1033
⚠️ Warning: Depth video ended at frame 1034
⚠️ Warning: Depth video ended at frame 1035
⚠️ Warning: Depth video ended at frame 1036
⚠️ Warning: Depth video ended at frame 1037
⚠️ Warning: Depth video ended at frame 1038
⚠️ Warning: Depth video ended at frame 1039
⚠️ Warning: Depth video ended at frame 1040
⚠️ Warning: Depth video ended at frame 1041
⚠️ Warning: Depth video ended at frame 1042
⚠️ Warning: Depth video ended at frame 1043
⚠️ Warning: Depth video ended at frame 1044
⚠️ Warning: Depth video ended at frame 1045
⚠️ Warning: Depth video ended at frame 1046
⚠️ Warning: Depth video ended at frame 1047
⚠️ Warning: Depth video ended at frame 1048
⚠️ Warning: Depth video ended at frame 1049
⚠️ Warning: Depth video ended at frame 1050
⚠️ Warning: Depth video ended at frame 1051
⚠️ Warning: Depth video ended at frame 1052
⚠️ Warning: Depth video ended at frame 1053
⚠️ Warning: Depth video ended at frame 1054
⚠️ Warning: Depth video ended at frame 1055
⚠️ Warning: Depth video ended at frame 1056
⚠️ Warning: Depth video ended at frame 1057
⚠️ Warning: Depth video ended at frame 1058
⚠️ Warning: Depth video ended at frame 1059
⚠️ Warning: Depth video ended at frame 1060
⚠️ Warning: Depth video ended at frame 1061
⚠️ Warning: Depth video ended at frame 1062
⚠️ Warning: Depth video ended at frame 1063
⚠️ Warning: Depth video ended at frame 1064
⚠️ Warning: Depth video ended at frame 1065
⚠️ Warning: Depth video ended at frame 1066
⚠️ Warning: Depth video ended at frame 1067
⚠️ Warning: Depth video ended at frame 1068
⚠️ Warning: Depth video ended at frame 1069
⚠️ Warning: Depth video ended at frame 1070
⚠️ Warning: Depth video ended at frame 1071
⚠️ Warning: Depth video ended at frame 1072
⚠️ Warning: Depth video ended at frame 1073
⚠️ Warning: Depth video ended at frame 1074
⚠️ Warning: Depth video ended at frame 1075
⚠️ Warning: Depth video ended at frame 1076
⚠️ Warning: Depth video ended at frame 1077
⚠️ Warning: Depth video ended at frame 1078
⚠️ Warning: Depth video ended at frame 1079
⚠️ Warning: Depth video ended at frame 1080
⚠️ Warning: Depth video ended at frame 1081
⚠️ Warning: Depth video ended at frame 1082
⚠️ Warning: Depth video ended at frame 1083
⚠️ Warning: Depth video ended at frame 1084
⚠️ Warning: Depth video ended at frame 1085
⚠️ Warning: Depth video ended at frame 1086
⚠️ Warning: Depth video ended at frame 1087
⚠️ Warning: Depth video ended at frame 1088
⚠️ Warning: Depth video ended at frame 1089
⚠️ Warning: Depth video ended at frame 1090
⚠️ Warning: Depth video ended at frame 1091
⚠️ Warning: Depth video ended at frame 1092
⚠️ Warning: Depth video ended at frame 1093
⚠️ Warning: Depth video ended at frame 1094
⚠️ Warning: Depth video ended at frame 1095
⚠️ Warning: Depth video ended at frame 1096
⚠️ Warning: Depth video ended at frame 1097
⚠️ Warning: Depth video ended at frame 1098
⚠️ Warning: Depth video ended at frame 1099
  Processed 1100 frames | FPS: 29.21
⚠️ Warning: Depth video ended at frame 1100
⚠️ Warning: Depth video ended at frame 1101
⚠️ Warning: Depth video ended at frame 1102
⚠️ Warning: Depth video ended at frame 1103
⚠️ Warning: Depth video ended at frame 1104
⚠️ Warning: Depth video ended at frame 1105
⚠️ Warning: Depth video ended at frame 1106
⚠️ Warning: Depth video ended at frame 1107
⚠️ Warning: Depth video ended at frame 1108
⚠️ Warning: Depth video ended at frame 1109
⚠️ Warning: Depth video ended at frame 1110
⚠️ Warning: Depth video ended at frame 1111
⚠️ Warning: Depth video ended at frame 1112
⚠️ Warning: Depth video ended at frame 1113
⚠️ Warning: Depth video ended at frame 1114
⚠️ Warning: Depth video ended at frame 1115
⚠️ Warning: Depth video ended at frame 1116
⚠️ Warning: Depth video ended at frame 1117
⚠️ Warning: Depth video ended at frame 1118
⚠️ Warning: Depth video ended at frame 1119
⚠️ Warning: Depth video ended at frame 1120
⚠️ Warning: Depth video ended at frame 1121
⚠️ Warning: Depth video ended at frame 1122
⚠️ Warning: Depth video ended at frame 1123
⚠️ Warning: Depth video ended at frame 1124
⚠️ Warning: Depth video ended at frame 1125
⚠️ Warning: Depth video ended at frame 1126
⚠️ Warning: Depth video ended at frame 1127
⚠️ Warning: Depth video ended at frame 1128
⚠️ Warning: Depth video ended at frame 1129
⚠️ Warning: Depth video ended at frame 1130
⚠️ Warning: Depth video ended at frame 1131
⚠️ Warning: Depth video ended at frame 1132
⚠️ Warning: Depth video ended at frame 1133
⚠️ Warning: Depth video ended at frame 1134
⚠️ Warning: Depth video ended at frame 1135
⚠️ Warning: Depth video ended at frame 1136
⚠️ Warning: Depth video ended at frame 1137
⚠️ Warning: Depth video ended at frame 1138
⚠️ Warning: Depth video ended at frame 1139
⚠️ Warning: Depth video ended at frame 1140
⚠️ Warning: Depth video ended at frame 1141
⚠️ Warning: Depth video ended at frame 1142
⚠️ Warning: Depth video ended at frame 1143
⚠️ Warning: Depth video ended at frame 1144
⚠️ Warning: Depth video ended at frame 1145
⚠️ Warning: Depth video ended at frame 1146
⚠️ Warning: Depth video ended at frame 1147
⚠️ Warning: Depth video ended at frame 1148
⚠️ Warning: Depth video ended at frame 1149
⚠️ Warning: Depth video ended at frame 1150
⚠️ Warning: Depth video ended at frame 1151
⚠️ Warning: Depth video ended at frame 1152
⚠️ Warning: Depth video ended at frame 1153
⚠️ Warning: Depth video ended at frame 1154
⚠️ Warning: Depth video ended at frame 1155
⚠️ Warning: Depth video ended at frame 1156
⚠️ Warning: Depth video ended at frame 1157
⚠️ Warning: Depth video ended at frame 1158
⚠️ Warning: Depth video ended at frame 1159
⚠️ Warning: Depth video ended at frame 1160
⚠️ Warning: Depth video ended at frame 1161
⚠️ Warning: Depth video ended at frame 1162
⚠️ Warning: Depth video ended at frame 1163
⚠️ Warning: Depth video ended at frame 1164
⚠️ Warning: Depth video ended at frame 1165
⚠️ Warning: Depth video ended at frame 1166
⚠️ Warning: Depth video ended at frame 1167
⚠️ Warning: Depth video ended at frame 1168
⚠️ Warning: Depth video ended at frame 1169
⚠️ Warning: Depth video ended at frame 1170
⚠️ Warning: Depth video ended at frame 1171
⚠️ Warning: Depth video ended at frame 1172
⚠️ Warning: Depth video ended at frame 1173
⚠️ Warning: Depth video ended at frame 1174
⚠️ Warning: Depth video ended at frame 1175

✅ Completed shape_depth: 1176 frames in 40.74s
   Average FPS: 38.69
   MOTA: 0.828 | IDF1: 0.995
Metrics exported to: benchmark/results/with_deepsort/shape_depth_results.json
   Results saved to: benchmark/results/with_deepsort/shape_depth_results.json

======================================================================
Running: full_features
======================================================================
⚠️ Warning: Depth video ended at frame 0
⚠️ Warning: Depth video ended at frame 1
⚠️ Warning: Depth video ended at frame 2
⚠️ Warning: Depth video ended at frame 3
⚠️ Warning: Depth video ended at frame 4
⚠️ Warning: Depth video ended at frame 5
⚠️ Warning: Depth video ended at frame 6
⚠️ Warning: Depth video ended at frame 7
⚠️ Warning: Depth video ended at frame 8
⚠️ Warning: Depth video ended at frame 9
⚠️ Warning: Depth video ended at frame 10
⚠️ Warning: Depth video ended at frame 11
⚠️ Warning: Depth video ended at frame 12
⚠️ Warning: Depth video ended at frame 13
⚠️ Warning: Depth video ended at frame 14
⚠️ Warning: Depth video ended at frame 15
⚠️ Warning: Depth video ended at frame 16
⚠️ Warning: Depth video ended at frame 17
⚠️ Warning: Depth video ended at frame 18
⚠️ Warning: Depth video ended at frame 19
⚠️ Warning: Depth video ended at frame 20
⚠️ Warning: Depth video ended at frame 21
⚠️ Warning: Depth video ended at frame 22
⚠️ Warning: Depth video ended at frame 23
⚠️ Warning: Depth video ended at frame 24
⚠️ Warning: Depth video ended at frame 25
⚠️ Warning: Depth video ended at frame 26
⚠️ Warning: Depth video ended at frame 27
⚠️ Warning: Depth video ended at frame 28
⚠️ Warning: Depth video ended at frame 29
⚠️ Warning: Depth video ended at frame 30
⚠️ Warning: Depth video ended at frame 31
⚠️ Warning: Depth video ended at frame 32
⚠️ Warning: Depth video ended at frame 33
⚠️ Warning: Depth video ended at frame 34
⚠️ Warning: Depth video ended at frame 35
⚠️ Warning: Depth video ended at frame 36
⚠️ Warning: Depth video ended at frame 37
⚠️ Warning: Depth video ended at frame 38
⚠️ Warning: Depth video ended at frame 39
⚠️ Warning: Depth video ended at frame 40
⚠️ Warning: Depth video ended at frame 41
⚠️ Warning: Depth video ended at frame 42
⚠️ Warning: Depth video ended at frame 43
⚠️ Warning: Depth video ended at frame 44
⚠️ Warning: Depth video ended at frame 45
⚠️ Warning: Depth video ended at frame 46
⚠️ Warning: Depth video ended at frame 47
⚠️ Warning: Depth video ended at frame 48
⚠️ Warning: Depth video ended at frame 49
⚠️ Warning: Depth video ended at frame 50
⚠️ Warning: Depth video ended at frame 51
⚠️ Warning: Depth video ended at frame 52
⚠️ Warning: Depth video ended at frame 53
⚠️ Warning: Depth video ended at frame 54
⚠️ Warning: Depth video ended at frame 55
⚠️ Warning: Depth video ended at frame 56
⚠️ Warning: Depth video ended at frame 57
⚠️ Warning: Depth video ended at frame 58
⚠️ Warning: Depth video ended at frame 59
⚠️ Warning: Depth video ended at frame 60
⚠️ Warning: Depth video ended at frame 61
⚠️ Warning: Depth video ended at frame 62
⚠️ Warning: Depth video ended at frame 63
⚠️ Warning: Depth video ended at frame 64
⚠️ Warning: Depth video ended at frame 65
⚠️ Warning: Depth video ended at frame 66
⚠️ Warning: Depth video ended at frame 67
⚠️ Warning: Depth video ended at frame 68
⚠️ Warning: Depth video ended at frame 69
⚠️ Warning: Depth video ended at frame 70
⚠️ Warning: Depth video ended at frame 71
⚠️ Warning: Depth video ended at frame 72
⚠️ Warning: Depth video ended at frame 73
⚠️ Warning: Depth video ended at frame 74
⚠️ Warning: Depth video ended at frame 75
⚠️ Warning: Depth video ended at frame 76
⚠️ Warning: Depth video ended at frame 77
⚠️ Warning: Depth video ended at frame 78
⚠️ Warning: Depth video ended at frame 79
⚠️ Warning: Depth video ended at frame 80
⚠️ Warning: Depth video ended at frame 81
⚠️ Warning: Depth video ended at frame 82
⚠️ Warning: Depth video ended at frame 83
⚠️ Warning: Depth video ended at frame 84
⚠️ Warning: Depth video ended at frame 85
⚠️ Warning: Depth video ended at frame 86
⚠️ Warning: Depth video ended at frame 87
⚠️ Warning: Depth video ended at frame 88
⚠️ Warning: Depth video ended at frame 89
⚠️ Warning: Depth video ended at frame 90
⚠️ Warning: Depth video ended at frame 91
⚠️ Warning: Depth video ended at frame 92
⚠️ Warning: Depth video ended at frame 93
⚠️ Warning: Depth video ended at frame 94
⚠️ Warning: Depth video ended at frame 95
⚠️ Warning: Depth video ended at frame 96
⚠️ Warning: Depth video ended at frame 97
⚠️ Warning: Depth video ended at frame 98
⚠️ Warning: Depth video ended at frame 99
  Processed 100 frames | FPS: 29.58
⚠️ Warning: Depth video ended at frame 100
⚠️ Warning: Depth video ended at frame 101
⚠️ Warning: Depth video ended at frame 102
⚠️ Warning: Depth video ended at frame 103
⚠️ Warning: Depth video ended at frame 104
⚠️ Warning: Depth video ended at frame 105
⚠️ Warning: Depth video ended at frame 106
⚠️ Warning: Depth video ended at frame 107
⚠️ Warning: Depth video ended at frame 108
⚠️ Warning: Depth video ended at frame 109
⚠️ Warning: Depth video ended at frame 110
⚠️ Warning: Depth video ended at frame 111
⚠️ Warning: Depth video ended at frame 112
⚠️ Warning: Depth video ended at frame 113
⚠️ Warning: Depth video ended at frame 114
⚠️ Warning: Depth video ended at frame 115
⚠️ Warning: Depth video ended at frame 116
⚠️ Warning: Depth video ended at frame 117
⚠️ Warning: Depth video ended at frame 118
⚠️ Warning: Depth video ended at frame 119
⚠️ Warning: Depth video ended at frame 120
⚠️ Warning: Depth video ended at frame 121
⚠️ Warning: Depth video ended at frame 122
⚠️ Warning: Depth video ended at frame 123
⚠️ Warning: Depth video ended at frame 124
⚠️ Warning: Depth video ended at frame 125
⚠️ Warning: Depth video ended at frame 126
⚠️ Warning: Depth video ended at frame 127
⚠️ Warning: Depth video ended at frame 128
⚠️ Warning: Depth video ended at frame 129
⚠️ Warning: Depth video ended at frame 130
⚠️ Warning: Depth video ended at frame 131
⚠️ Warning: Depth video ended at frame 132
⚠️ Warning: Depth video ended at frame 133
⚠️ Warning: Depth video ended at frame 134
⚠️ Warning: Depth video ended at frame 135
⚠️ Warning: Depth video ended at frame 136
⚠️ Warning: Depth video ended at frame 137
⚠️ Warning: Depth video ended at frame 138
⚠️ Warning: Depth video ended at frame 139
⚠️ Warning: Depth video ended at frame 140
⚠️ Warning: Depth video ended at frame 141
⚠️ Warning: Depth video ended at frame 142
⚠️ Warning: Depth video ended at frame 143
⚠️ Warning: Depth video ended at frame 144
⚠️ Warning: Depth video ended at frame 145
⚠️ Warning: Depth video ended at frame 146
⚠️ Warning: Depth video ended at frame 147
⚠️ Warning: Depth video ended at frame 148
⚠️ Warning: Depth video ended at frame 149
⚠️ Warning: Depth video ended at frame 150
⚠️ Warning: Depth video ended at frame 151
⚠️ Warning: Depth video ended at frame 152
⚠️ Warning: Depth video ended at frame 153
⚠️ Warning: Depth video ended at frame 154
⚠️ Warning: Depth video ended at frame 155
⚠️ Warning: Depth video ended at frame 156
⚠️ Warning: Depth video ended at frame 157
⚠️ Warning: Depth video ended at frame 158
⚠️ Warning: Depth video ended at frame 159
⚠️ Warning: Depth video ended at frame 160
⚠️ Warning: Depth video ended at frame 161
⚠️ Warning: Depth video ended at frame 162
⚠️ Warning: Depth video ended at frame 163
⚠️ Warning: Depth video ended at frame 164
⚠️ Warning: Depth video ended at frame 165
⚠️ Warning: Depth video ended at frame 166
⚠️ Warning: Depth video ended at frame 167
⚠️ Warning: Depth video ended at frame 168
⚠️ Warning: Depth video ended at frame 169
⚠️ Warning: Depth video ended at frame 170
⚠️ Warning: Depth video ended at frame 171
⚠️ Warning: Depth video ended at frame 172
⚠️ Warning: Depth video ended at frame 173
⚠️ Warning: Depth video ended at frame 174
⚠️ Warning: Depth video ended at frame 175
⚠️ Warning: Depth video ended at frame 176
⚠️ Warning: Depth video ended at frame 177
⚠️ Warning: Depth video ended at frame 178
⚠️ Warning: Depth video ended at frame 179
⚠️ Warning: Depth video ended at frame 180
⚠️ Warning: Depth video ended at frame 181
⚠️ Warning: Depth video ended at frame 182
⚠️ Warning: Depth video ended at frame 183
⚠️ Warning: Depth video ended at frame 184
⚠️ Warning: Depth video ended at frame 185
⚠️ Warning: Depth video ended at frame 186
⚠️ Warning: Depth video ended at frame 187
⚠️ Warning: Depth video ended at frame 188
⚠️ Warning: Depth video ended at frame 189
⚠️ Warning: Depth video ended at frame 190
⚠️ Warning: Depth video ended at frame 191
⚠️ Warning: Depth video ended at frame 192
⚠️ Warning: Depth video ended at frame 193
⚠️ Warning: Depth video ended at frame 194
⚠️ Warning: Depth video ended at frame 195
⚠️ Warning: Depth video ended at frame 196
⚠️ Warning: Depth video ended at frame 197
⚠️ Warning: Depth video ended at frame 198
⚠️ Warning: Depth video ended at frame 199
  Processed 200 frames | FPS: 30.60
⚠️ Warning: Depth video ended at frame 200
⚠️ Warning: Depth video ended at frame 201
⚠️ Warning: Depth video ended at frame 202
⚠️ Warning: Depth video ended at frame 203
⚠️ Warning: Depth video ended at frame 204
⚠️ Warning: Depth video ended at frame 205
⚠️ Warning: Depth video ended at frame 206
⚠️ Warning: Depth video ended at frame 207
⚠️ Warning: Depth video ended at frame 208
⚠️ Warning: Depth video ended at frame 209
⚠️ Warning: Depth video ended at frame 210
⚠️ Warning: Depth video ended at frame 211
⚠️ Warning: Depth video ended at frame 212
⚠️ Warning: Depth video ended at frame 213
⚠️ Warning: Depth video ended at frame 214
⚠️ Warning: Depth video ended at frame 215
⚠️ Warning: Depth video ended at frame 216
⚠️ Warning: Depth video ended at frame 217
⚠️ Warning: Depth video ended at frame 218
⚠️ Warning: Depth video ended at frame 219
⚠️ Warning: Depth video ended at frame 220
⚠️ Warning: Depth video ended at frame 221
⚠️ Warning: Depth video ended at frame 222
⚠️ Warning: Depth video ended at frame 223
⚠️ Warning: Depth video ended at frame 224
⚠️ Warning: Depth video ended at frame 225
⚠️ Warning: Depth video ended at frame 226
⚠️ Warning: Depth video ended at frame 227
⚠️ Warning: Depth video ended at frame 228
⚠️ Warning: Depth video ended at frame 229
⚠️ Warning: Depth video ended at frame 230
⚠️ Warning: Depth video ended at frame 231
⚠️ Warning: Depth video ended at frame 232
⚠️ Warning: Depth video ended at frame 233
⚠️ Warning: Depth video ended at frame 234
⚠️ Warning: Depth video ended at frame 235
⚠️ Warning: Depth video ended at frame 236
⚠️ Warning: Depth video ended at frame 237
⚠️ Warning: Depth video ended at frame 238
⚠️ Warning: Depth video ended at frame 239
⚠️ Warning: Depth video ended at frame 240
⚠️ Warning: Depth video ended at frame 241
⚠️ Warning: Depth video ended at frame 242
⚠️ Warning: Depth video ended at frame 243
⚠️ Warning: Depth video ended at frame 244
⚠️ Warning: Depth video ended at frame 245
⚠️ Warning: Depth video ended at frame 246
⚠️ Warning: Depth video ended at frame 247
⚠️ Warning: Depth video ended at frame 248
⚠️ Warning: Depth video ended at frame 249
⚠️ Warning: Depth video ended at frame 250
⚠️ Warning: Depth video ended at frame 251
⚠️ Warning: Depth video ended at frame 252
⚠️ Warning: Depth video ended at frame 253
⚠️ Warning: Depth video ended at frame 254
⚠️ Warning: Depth video ended at frame 255
⚠️ Warning: Depth video ended at frame 256
⚠️ Warning: Depth video ended at frame 257
⚠️ Warning: Depth video ended at frame 258
⚠️ Warning: Depth video ended at frame 259
⚠️ Warning: Depth video ended at frame 260
⚠️ Warning: Depth video ended at frame 261
⚠️ Warning: Depth video ended at frame 262
⚠️ Warning: Depth video ended at frame 263
⚠️ Warning: Depth video ended at frame 264
⚠️ Warning: Depth video ended at frame 265
⚠️ Warning: Depth video ended at frame 266
⚠️ Warning: Depth video ended at frame 267
⚠️ Warning: Depth video ended at frame 268
⚠️ Warning: Depth video ended at frame 269
⚠️ Warning: Depth video ended at frame 270
⚠️ Warning: Depth video ended at frame 271
⚠️ Warning: Depth video ended at frame 272
⚠️ Warning: Depth video ended at frame 273
⚠️ Warning: Depth video ended at frame 274
⚠️ Warning: Depth video ended at frame 275
⚠️ Warning: Depth video ended at frame 276
⚠️ Warning: Depth video ended at frame 277
⚠️ Warning: Depth video ended at frame 278
⚠️ Warning: Depth video ended at frame 279
⚠️ Warning: Depth video ended at frame 280
⚠️ Warning: Depth video ended at frame 281
⚠️ Warning: Depth video ended at frame 282
⚠️ Warning: Depth video ended at frame 283
⚠️ Warning: Depth video ended at frame 284
⚠️ Warning: Depth video ended at frame 285
⚠️ Warning: Depth video ended at frame 286
⚠️ Warning: Depth video ended at frame 287
⚠️ Warning: Depth video ended at frame 288
⚠️ Warning: Depth video ended at frame 289
⚠️ Warning: Depth video ended at frame 290
⚠️ Warning: Depth video ended at frame 291
⚠️ Warning: Depth video ended at frame 292
⚠️ Warning: Depth video ended at frame 293
⚠️ Warning: Depth video ended at frame 294
⚠️ Warning: Depth video ended at frame 295
⚠️ Warning: Depth video ended at frame 296
⚠️ Warning: Depth video ended at frame 297
⚠️ Warning: Depth video ended at frame 298
⚠️ Warning: Depth video ended at frame 299
  Processed 300 frames | FPS: 30.93
⚠️ Warning: Depth video ended at frame 300
⚠️ Warning: Depth video ended at frame 301
⚠️ Warning: Depth video ended at frame 302
⚠️ Warning: Depth video ended at frame 303
⚠️ Warning: Depth video ended at frame 304
⚠️ Warning: Depth video ended at frame 305
⚠️ Warning: Depth video ended at frame 306
⚠️ Warning: Depth video ended at frame 307
⚠️ Warning: Depth video ended at frame 308
⚠️ Warning: Depth video ended at frame 309
⚠️ Warning: Depth video ended at frame 310
⚠️ Warning: Depth video ended at frame 311
⚠️ Warning: Depth video ended at frame 312
⚠️ Warning: Depth video ended at frame 313
⚠️ Warning: Depth video ended at frame 314
⚠️ Warning: Depth video ended at frame 315
⚠️ Warning: Depth video ended at frame 316
⚠️ Warning: Depth video ended at frame 317
⚠️ Warning: Depth video ended at frame 318
⚠️ Warning: Depth video ended at frame 319
⚠️ Warning: Depth video ended at frame 320
⚠️ Warning: Depth video ended at frame 321
⚠️ Warning: Depth video ended at frame 322
⚠️ Warning: Depth video ended at frame 323
⚠️ Warning: Depth video ended at frame 324
⚠️ Warning: Depth video ended at frame 325
⚠️ Warning: Depth video ended at frame 326
⚠️ Warning: Depth video ended at frame 327
⚠️ Warning: Depth video ended at frame 328
⚠️ Warning: Depth video ended at frame 329
⚠️ Warning: Depth video ended at frame 330
⚠️ Warning: Depth video ended at frame 331
⚠️ Warning: Depth video ended at frame 332
⚠️ Warning: Depth video ended at frame 333
⚠️ Warning: Depth video ended at frame 334
⚠️ Warning: Depth video ended at frame 335
⚠️ Warning: Depth video ended at frame 336
⚠️ Warning: Depth video ended at frame 337
⚠️ Warning: Depth video ended at frame 338
⚠️ Warning: Depth video ended at frame 339
⚠️ Warning: Depth video ended at frame 340
⚠️ Warning: Depth video ended at frame 341
⚠️ Warning: Depth video ended at frame 342
⚠️ Warning: Depth video ended at frame 343
⚠️ Warning: Depth video ended at frame 344
⚠️ Warning: Depth video ended at frame 345
⚠️ Warning: Depth video ended at frame 346
⚠️ Warning: Depth video ended at frame 347
⚠️ Warning: Depth video ended at frame 348
⚠️ Warning: Depth video ended at frame 349
⚠️ Warning: Depth video ended at frame 350
⚠️ Warning: Depth video ended at frame 351
⚠️ Warning: Depth video ended at frame 352
⚠️ Warning: Depth video ended at frame 353
⚠️ Warning: Depth video ended at frame 354
⚠️ Warning: Depth video ended at frame 355
⚠️ Warning: Depth video ended at frame 356
⚠️ Warning: Depth video ended at frame 357
⚠️ Warning: Depth video ended at frame 358
⚠️ Warning: Depth video ended at frame 359
⚠️ Warning: Depth video ended at frame 360
⚠️ Warning: Depth video ended at frame 361
⚠️ Warning: Depth video ended at frame 362
⚠️ Warning: Depth video ended at frame 363
⚠️ Warning: Depth video ended at frame 364
⚠️ Warning: Depth video ended at frame 365
⚠️ Warning: Depth video ended at frame 366
⚠️ Warning: Depth video ended at frame 367
⚠️ Warning: Depth video ended at frame 368
⚠️ Warning: Depth video ended at frame 369
⚠️ Warning: Depth video ended at frame 370
⚠️ Warning: Depth video ended at frame 371
⚠️ Warning: Depth video ended at frame 372
⚠️ Warning: Depth video ended at frame 373
⚠️ Warning: Depth video ended at frame 374
⚠️ Warning: Depth video ended at frame 375
⚠️ Warning: Depth video ended at frame 376
⚠️ Warning: Depth video ended at frame 377
⚠️ Warning: Depth video ended at frame 378
⚠️ Warning: Depth video ended at frame 379
⚠️ Warning: Depth video ended at frame 380
⚠️ Warning: Depth video ended at frame 381
⚠️ Warning: Depth video ended at frame 382
⚠️ Warning: Depth video ended at frame 383
⚠️ Warning: Depth video ended at frame 384
⚠️ Warning: Depth video ended at frame 385
⚠️ Warning: Depth video ended at frame 386
⚠️ Warning: Depth video ended at frame 387
⚠️ Warning: Depth video ended at frame 388
⚠️ Warning: Depth video ended at frame 389
⚠️ Warning: Depth video ended at frame 390
⚠️ Warning: Depth video ended at frame 391
⚠️ Warning: Depth video ended at frame 392
⚠️ Warning: Depth video ended at frame 393
⚠️ Warning: Depth video ended at frame 394
⚠️ Warning: Depth video ended at frame 395
⚠️ Warning: Depth video ended at frame 396
⚠️ Warning: Depth video ended at frame 397
⚠️ Warning: Depth video ended at frame 398
⚠️ Warning: Depth video ended at frame 399
  Processed 400 frames | FPS: 28.93
⚠️ Warning: Depth video ended at frame 400
⚠️ Warning: Depth video ended at frame 401
⚠️ Warning: Depth video ended at frame 402
⚠️ Warning: Depth video ended at frame 403
⚠️ Warning: Depth video ended at frame 404
⚠️ Warning: Depth video ended at frame 405
⚠️ Warning: Depth video ended at frame 406
⚠️ Warning: Depth video ended at frame 407
⚠️ Warning: Depth video ended at frame 408
⚠️ Warning: Depth video ended at frame 409
⚠️ Warning: Depth video ended at frame 410
⚠️ Warning: Depth video ended at frame 411
⚠️ Warning: Depth video ended at frame 412
⚠️ Warning: Depth video ended at frame 413
⚠️ Warning: Depth video ended at frame 414
⚠️ Warning: Depth video ended at frame 415
⚠️ Warning: Depth video ended at frame 416
⚠️ Warning: Depth video ended at frame 417
⚠️ Warning: Depth video ended at frame 418
⚠️ Warning: Depth video ended at frame 419
⚠️ Warning: Depth video ended at frame 420
⚠️ Warning: Depth video ended at frame 421
⚠️ Warning: Depth video ended at frame 422
⚠️ Warning: Depth video ended at frame 423
⚠️ Warning: Depth video ended at frame 424
⚠️ Warning: Depth video ended at frame 425
⚠️ Warning: Depth video ended at frame 426
⚠️ Warning: Depth video ended at frame 427
⚠️ Warning: Depth video ended at frame 428
⚠️ Warning: Depth video ended at frame 429
⚠️ Warning: Depth video ended at frame 430
⚠️ Warning: Depth video ended at frame 431
⚠️ Warning: Depth video ended at frame 432
⚠️ Warning: Depth video ended at frame 433
⚠️ Warning: Depth video ended at frame 434
⚠️ Warning: Depth video ended at frame 435
⚠️ Warning: Depth video ended at frame 436
⚠️ Warning: Depth video ended at frame 437
⚠️ Warning: Depth video ended at frame 438
⚠️ Warning: Depth video ended at frame 439
⚠️ Warning: Depth video ended at frame 440
⚠️ Warning: Depth video ended at frame 441
⚠️ Warning: Depth video ended at frame 442
⚠️ Warning: Depth video ended at frame 443
⚠️ Warning: Depth video ended at frame 444
⚠️ Warning: Depth video ended at frame 445
⚠️ Warning: Depth video ended at frame 446
⚠️ Warning: Depth video ended at frame 447
⚠️ Warning: Depth video ended at frame 448
⚠️ Warning: Depth video ended at frame 449
⚠️ Warning: Depth video ended at frame 450
⚠️ Warning: Depth video ended at frame 451
⚠️ Warning: Depth video ended at frame 452
⚠️ Warning: Depth video ended at frame 453
⚠️ Warning: Depth video ended at frame 454
⚠️ Warning: Depth video ended at frame 455
⚠️ Warning: Depth video ended at frame 456
⚠️ Warning: Depth video ended at frame 457
⚠️ Warning: Depth video ended at frame 458
⚠️ Warning: Depth video ended at frame 459
⚠️ Warning: Depth video ended at frame 460
⚠️ Warning: Depth video ended at frame 461
⚠️ Warning: Depth video ended at frame 462
⚠️ Warning: Depth video ended at frame 463
⚠️ Warning: Depth video ended at frame 464
⚠️ Warning: Depth video ended at frame 465
⚠️ Warning: Depth video ended at frame 466
⚠️ Warning: Depth video ended at frame 467
⚠️ Warning: Depth video ended at frame 468
⚠️ Warning: Depth video ended at frame 469
⚠️ Warning: Depth video ended at frame 470
⚠️ Warning: Depth video ended at frame 471
⚠️ Warning: Depth video ended at frame 472
⚠️ Warning: Depth video ended at frame 473
⚠️ Warning: Depth video ended at frame 474
⚠️ Warning: Depth video ended at frame 475
⚠️ Warning: Depth video ended at frame 476
⚠️ Warning: Depth video ended at frame 477
⚠️ Warning: Depth video ended at frame 478
⚠️ Warning: Depth video ended at frame 479
⚠️ Warning: Depth video ended at frame 480
⚠️ Warning: Depth video ended at frame 481
⚠️ Warning: Depth video ended at frame 482
⚠️ Warning: Depth video ended at frame 483
⚠️ Warning: Depth video ended at frame 484
⚠️ Warning: Depth video ended at frame 485
⚠️ Warning: Depth video ended at frame 486
⚠️ Warning: Depth video ended at frame 487
⚠️ Warning: Depth video ended at frame 488
⚠️ Warning: Depth video ended at frame 489
⚠️ Warning: Depth video ended at frame 490
⚠️ Warning: Depth video ended at frame 491
⚠️ Warning: Depth video ended at frame 492
⚠️ Warning: Depth video ended at frame 493
⚠️ Warning: Depth video ended at frame 494
⚠️ Warning: Depth video ended at frame 495
⚠️ Warning: Depth video ended at frame 496
⚠️ Warning: Depth video ended at frame 497
⚠️ Warning: Depth video ended at frame 498
⚠️ Warning: Depth video ended at frame 499
  Processed 500 frames | FPS: 28.57
⚠️ Warning: Depth video ended at frame 500
⚠️ Warning: Depth video ended at frame 501
⚠️ Warning: Depth video ended at frame 502
⚠️ Warning: Depth video ended at frame 503
⚠️ Warning: Depth video ended at frame 504
⚠️ Warning: Depth video ended at frame 505
⚠️ Warning: Depth video ended at frame 506
⚠️ Warning: Depth video ended at frame 507
⚠️ Warning: Depth video ended at frame 508
⚠️ Warning: Depth video ended at frame 509
⚠️ Warning: Depth video ended at frame 510
⚠️ Warning: Depth video ended at frame 511
⚠️ Warning: Depth video ended at frame 512
⚠️ Warning: Depth video ended at frame 513
⚠️ Warning: Depth video ended at frame 514
⚠️ Warning: Depth video ended at frame 515
⚠️ Warning: Depth video ended at frame 516
⚠️ Warning: Depth video ended at frame 517
⚠️ Warning: Depth video ended at frame 518
⚠️ Warning: Depth video ended at frame 519
⚠️ Warning: Depth video ended at frame 520
⚠️ Warning: Depth video ended at frame 521
⚠️ Warning: Depth video ended at frame 522
⚠️ Warning: Depth video ended at frame 523
⚠️ Warning: Depth video ended at frame 524
⚠️ Warning: Depth video ended at frame 525
⚠️ Warning: Depth video ended at frame 526
⚠️ Warning: Depth video ended at frame 527
⚠️ Warning: Depth video ended at frame 528
⚠️ Warning: Depth video ended at frame 529
⚠️ Warning: Depth video ended at frame 530
⚠️ Warning: Depth video ended at frame 531
⚠️ Warning: Depth video ended at frame 532
⚠️ Warning: Depth video ended at frame 533
⚠️ Warning: Depth video ended at frame 534
⚠️ Warning: Depth video ended at frame 535
⚠️ Warning: Depth video ended at frame 536
⚠️ Warning: Depth video ended at frame 537
⚠️ Warning: Depth video ended at frame 538
⚠️ Warning: Depth video ended at frame 539
⚠️ Warning: Depth video ended at frame 540
⚠️ Warning: Depth video ended at frame 541
⚠️ Warning: Depth video ended at frame 542
⚠️ Warning: Depth video ended at frame 543
⚠️ Warning: Depth video ended at frame 544
⚠️ Warning: Depth video ended at frame 545
⚠️ Warning: Depth video ended at frame 546
⚠️ Warning: Depth video ended at frame 547
⚠️ Warning: Depth video ended at frame 548
⚠️ Warning: Depth video ended at frame 549
⚠️ Warning: Depth video ended at frame 550
⚠️ Warning: Depth video ended at frame 551
⚠️ Warning: Depth video ended at frame 552
⚠️ Warning: Depth video ended at frame 553
⚠️ Warning: Depth video ended at frame 554
⚠️ Warning: Depth video ended at frame 555
⚠️ Warning: Depth video ended at frame 556
⚠️ Warning: Depth video ended at frame 557
⚠️ Warning: Depth video ended at frame 558
⚠️ Warning: Depth video ended at frame 559
⚠️ Warning: Depth video ended at frame 560
⚠️ Warning: Depth video ended at frame 561
⚠️ Warning: Depth video ended at frame 562
⚠️ Warning: Depth video ended at frame 563
⚠️ Warning: Depth video ended at frame 564
⚠️ Warning: Depth video ended at frame 565
⚠️ Warning: Depth video ended at frame 566
⚠️ Warning: Depth video ended at frame 567
⚠️ Warning: Depth video ended at frame 568
⚠️ Warning: Depth video ended at frame 569
⚠️ Warning: Depth video ended at frame 570
⚠️ Warning: Depth video ended at frame 571
⚠️ Warning: Depth video ended at frame 572
⚠️ Warning: Depth video ended at frame 573
⚠️ Warning: Depth video ended at frame 574
⚠️ Warning: Depth video ended at frame 575
⚠️ Warning: Depth video ended at frame 576
⚠️ Warning: Depth video ended at frame 577
⚠️ Warning: Depth video ended at frame 578
⚠️ Warning: Depth video ended at frame 579
⚠️ Warning: Depth video ended at frame 580
⚠️ Warning: Depth video ended at frame 581
⚠️ Warning: Depth video ended at frame 582
⚠️ Warning: Depth video ended at frame 583
⚠️ Warning: Depth video ended at frame 584
⚠️ Warning: Depth video ended at frame 585
⚠️ Warning: Depth video ended at frame 586
⚠️ Warning: Depth video ended at frame 587
⚠️ Warning: Depth video ended at frame 588
⚠️ Warning: Depth video ended at frame 589
⚠️ Warning: Depth video ended at frame 590
⚠️ Warning: Depth video ended at frame 591
⚠️ Warning: Depth video ended at frame 592
⚠️ Warning: Depth video ended at frame 593
⚠️ Warning: Depth video ended at frame 594
⚠️ Warning: Depth video ended at frame 595
⚠️ Warning: Depth video ended at frame 596
⚠️ Warning: Depth video ended at frame 597
⚠️ Warning: Depth video ended at frame 598
⚠️ Warning: Depth video ended at frame 599
  Processed 600 frames | FPS: 28.21
⚠️ Warning: Depth video ended at frame 600
⚠️ Warning: Depth video ended at frame 601
⚠️ Warning: Depth video ended at frame 602
⚠️ Warning: Depth video ended at frame 603
⚠️ Warning: Depth video ended at frame 604
⚠️ Warning: Depth video ended at frame 605
⚠️ Warning: Depth video ended at frame 606
⚠️ Warning: Depth video ended at frame 607
⚠️ Warning: Depth video ended at frame 608
⚠️ Warning: Depth video ended at frame 609
⚠️ Warning: Depth video ended at frame 610
⚠️ Warning: Depth video ended at frame 611
⚠️ Warning: Depth video ended at frame 612
⚠️ Warning: Depth video ended at frame 613
⚠️ Warning: Depth video ended at frame 614
⚠️ Warning: Depth video ended at frame 615
⚠️ Warning: Depth video ended at frame 616
⚠️ Warning: Depth video ended at frame 617
⚠️ Warning: Depth video ended at frame 618
⚠️ Warning: Depth video ended at frame 619
⚠️ Warning: Depth video ended at frame 620
⚠️ Warning: Depth video ended at frame 621
⚠️ Warning: Depth video ended at frame 622
⚠️ Warning: Depth video ended at frame 623
⚠️ Warning: Depth video ended at frame 624
⚠️ Warning: Depth video ended at frame 625
⚠️ Warning: Depth video ended at frame 626
⚠️ Warning: Depth video ended at frame 627
⚠️ Warning: Depth video ended at frame 628
⚠️ Warning: Depth video ended at frame 629
⚠️ Warning: Depth video ended at frame 630
⚠️ Warning: Depth video ended at frame 631
⚠️ Warning: Depth video ended at frame 632
⚠️ Warning: Depth video ended at frame 633
⚠️ Warning: Depth video ended at frame 634
⚠️ Warning: Depth video ended at frame 635
⚠️ Warning: Depth video ended at frame 636
⚠️ Warning: Depth video ended at frame 637
⚠️ Warning: Depth video ended at frame 638
⚠️ Warning: Depth video ended at frame 639
⚠️ Warning: Depth video ended at frame 640
⚠️ Warning: Depth video ended at frame 641
⚠️ Warning: Depth video ended at frame 642
⚠️ Warning: Depth video ended at frame 643
⚠️ Warning: Depth video ended at frame 644
⚠️ Warning: Depth video ended at frame 645
⚠️ Warning: Depth video ended at frame 646
⚠️ Warning: Depth video ended at frame 647
⚠️ Warning: Depth video ended at frame 648
⚠️ Warning: Depth video ended at frame 649
⚠️ Warning: Depth video ended at frame 650
⚠️ Warning: Depth video ended at frame 651
⚠️ Warning: Depth video ended at frame 652
⚠️ Warning: Depth video ended at frame 653
⚠️ Warning: Depth video ended at frame 654
⚠️ Warning: Depth video ended at frame 655
⚠️ Warning: Depth video ended at frame 656
⚠️ Warning: Depth video ended at frame 657
⚠️ Warning: Depth video ended at frame 658
⚠️ Warning: Depth video ended at frame 659
⚠️ Warning: Depth video ended at frame 660
⚠️ Warning: Depth video ended at frame 661
⚠️ Warning: Depth video ended at frame 662
⚠️ Warning: Depth video ended at frame 663
⚠️ Warning: Depth video ended at frame 664
⚠️ Warning: Depth video ended at frame 665
⚠️ Warning: Depth video ended at frame 666
⚠️ Warning: Depth video ended at frame 667
⚠️ Warning: Depth video ended at frame 668
⚠️ Warning: Depth video ended at frame 669
⚠️ Warning: Depth video ended at frame 670
⚠️ Warning: Depth video ended at frame 671
⚠️ Warning: Depth video ended at frame 672
⚠️ Warning: Depth video ended at frame 673
⚠️ Warning: Depth video ended at frame 674
⚠️ Warning: Depth video ended at frame 675
⚠️ Warning: Depth video ended at frame 676
⚠️ Warning: Depth video ended at frame 677
⚠️ Warning: Depth video ended at frame 678
⚠️ Warning: Depth video ended at frame 679
⚠️ Warning: Depth video ended at frame 680
⚠️ Warning: Depth video ended at frame 681
⚠️ Warning: Depth video ended at frame 682
⚠️ Warning: Depth video ended at frame 683
⚠️ Warning: Depth video ended at frame 684
⚠️ Warning: Depth video ended at frame 685
⚠️ Warning: Depth video ended at frame 686
⚠️ Warning: Depth video ended at frame 687
⚠️ Warning: Depth video ended at frame 688
⚠️ Warning: Depth video ended at frame 689
⚠️ Warning: Depth video ended at frame 690
⚠️ Warning: Depth video ended at frame 691
⚠️ Warning: Depth video ended at frame 692
⚠️ Warning: Depth video ended at frame 693
⚠️ Warning: Depth video ended at frame 694
⚠️ Warning: Depth video ended at frame 695
⚠️ Warning: Depth video ended at frame 696
⚠️ Warning: Depth video ended at frame 697
⚠️ Warning: Depth video ended at frame 698
⚠️ Warning: Depth video ended at frame 699
  Processed 700 frames | FPS: 28.43
⚠️ Warning: Depth video ended at frame 700
⚠️ Warning: Depth video ended at frame 701
⚠️ Warning: Depth video ended at frame 702
⚠️ Warning: Depth video ended at frame 703
⚠️ Warning: Depth video ended at frame 704
⚠️ Warning: Depth video ended at frame 705
⚠️ Warning: Depth video ended at frame 706
⚠️ Warning: Depth video ended at frame 707
⚠️ Warning: Depth video ended at frame 708
⚠️ Warning: Depth video ended at frame 709
⚠️ Warning: Depth video ended at frame 710
⚠️ Warning: Depth video ended at frame 711
⚠️ Warning: Depth video ended at frame 712
⚠️ Warning: Depth video ended at frame 713
⚠️ Warning: Depth video ended at frame 714
⚠️ Warning: Depth video ended at frame 715
⚠️ Warning: Depth video ended at frame 716
⚠️ Warning: Depth video ended at frame 717
⚠️ Warning: Depth video ended at frame 718
⚠️ Warning: Depth video ended at frame 719
⚠️ Warning: Depth video ended at frame 720
⚠️ Warning: Depth video ended at frame 721
⚠️ Warning: Depth video ended at frame 722
⚠️ Warning: Depth video ended at frame 723
⚠️ Warning: Depth video ended at frame 724
⚠️ Warning: Depth video ended at frame 725
⚠️ Warning: Depth video ended at frame 726
⚠️ Warning: Depth video ended at frame 727
⚠️ Warning: Depth video ended at frame 728
⚠️ Warning: Depth video ended at frame 729
⚠️ Warning: Depth video ended at frame 730
⚠️ Warning: Depth video ended at frame 731
⚠️ Warning: Depth video ended at frame 732
⚠️ Warning: Depth video ended at frame 733
⚠️ Warning: Depth video ended at frame 734
⚠️ Warning: Depth video ended at frame 735
⚠️ Warning: Depth video ended at frame 736
⚠️ Warning: Depth video ended at frame 737
⚠️ Warning: Depth video ended at frame 738
⚠️ Warning: Depth video ended at frame 739
⚠️ Warning: Depth video ended at frame 740
⚠️ Warning: Depth video ended at frame 741
⚠️ Warning: Depth video ended at frame 742
⚠️ Warning: Depth video ended at frame 743
⚠️ Warning: Depth video ended at frame 744
⚠️ Warning: Depth video ended at frame 745
⚠️ Warning: Depth video ended at frame 746
⚠️ Warning: Depth video ended at frame 747
⚠️ Warning: Depth video ended at frame 748
⚠️ Warning: Depth video ended at frame 749
⚠️ Warning: Depth video ended at frame 750
⚠️ Warning: Depth video ended at frame 751
⚠️ Warning: Depth video ended at frame 752
⚠️ Warning: Depth video ended at frame 753
⚠️ Warning: Depth video ended at frame 754
⚠️ Warning: Depth video ended at frame 755
⚠️ Warning: Depth video ended at frame 756
⚠️ Warning: Depth video ended at frame 757
⚠️ Warning: Depth video ended at frame 758
⚠️ Warning: Depth video ended at frame 759
⚠️ Warning: Depth video ended at frame 760
⚠️ Warning: Depth video ended at frame 761
⚠️ Warning: Depth video ended at frame 762
⚠️ Warning: Depth video ended at frame 763
⚠️ Warning: Depth video ended at frame 764
⚠️ Warning: Depth video ended at frame 765
⚠️ Warning: Depth video ended at frame 766
⚠️ Warning: Depth video ended at frame 767
⚠️ Warning: Depth video ended at frame 768
⚠️ Warning: Depth video ended at frame 769
⚠️ Warning: Depth video ended at frame 770
⚠️ Warning: Depth video ended at frame 771
⚠️ Warning: Depth video ended at frame 772
⚠️ Warning: Depth video ended at frame 773
⚠️ Warning: Depth video ended at frame 774
⚠️ Warning: Depth video ended at frame 775
⚠️ Warning: Depth video ended at frame 776
⚠️ Warning: Depth video ended at frame 777
⚠️ Warning: Depth video ended at frame 778
⚠️ Warning: Depth video ended at frame 779
⚠️ Warning: Depth video ended at frame 780
⚠️ Warning: Depth video ended at frame 781
⚠️ Warning: Depth video ended at frame 782
⚠️ Warning: Depth video ended at frame 783
⚠️ Warning: Depth video ended at frame 784
⚠️ Warning: Depth video ended at frame 785
⚠️ Warning: Depth video ended at frame 786
⚠️ Warning: Depth video ended at frame 787
⚠️ Warning: Depth video ended at frame 788
⚠️ Warning: Depth video ended at frame 789
⚠️ Warning: Depth video ended at frame 790
⚠️ Warning: Depth video ended at frame 791
⚠️ Warning: Depth video ended at frame 792
⚠️ Warning: Depth video ended at frame 793
⚠️ Warning: Depth video ended at frame 794
⚠️ Warning: Depth video ended at frame 795
⚠️ Warning: Depth video ended at frame 796
⚠️ Warning: Depth video ended at frame 797
⚠️ Warning: Depth video ended at frame 798
⚠️ Warning: Depth video ended at frame 799
  Processed 800 frames | FPS: 27.87
⚠️ Warning: Depth video ended at frame 800
⚠️ Warning: Depth video ended at frame 801
⚠️ Warning: Depth video ended at frame 802
⚠️ Warning: Depth video ended at frame 803
⚠️ Warning: Depth video ended at frame 804
⚠️ Warning: Depth video ended at frame 805
⚠️ Warning: Depth video ended at frame 806
⚠️ Warning: Depth video ended at frame 807
⚠️ Warning: Depth video ended at frame 808
⚠️ Warning: Depth video ended at frame 809
⚠️ Warning: Depth video ended at frame 810
⚠️ Warning: Depth video ended at frame 811
⚠️ Warning: Depth video ended at frame 812
⚠️ Warning: Depth video ended at frame 813
⚠️ Warning: Depth video ended at frame 814
⚠️ Warning: Depth video ended at frame 815
⚠️ Warning: Depth video ended at frame 816
⚠️ Warning: Depth video ended at frame 817
⚠️ Warning: Depth video ended at frame 818
⚠️ Warning: Depth video ended at frame 819
⚠️ Warning: Depth video ended at frame 820
⚠️ Warning: Depth video ended at frame 821
⚠️ Warning: Depth video ended at frame 822
⚠️ Warning: Depth video ended at frame 823
⚠️ Warning: Depth video ended at frame 824
⚠️ Warning: Depth video ended at frame 825
⚠️ Warning: Depth video ended at frame 826
⚠️ Warning: Depth video ended at frame 827
⚠️ Warning: Depth video ended at frame 828
⚠️ Warning: Depth video ended at frame 829
⚠️ Warning: Depth video ended at frame 830
⚠️ Warning: Depth video ended at frame 831
⚠️ Warning: Depth video ended at frame 832
⚠️ Warning: Depth video ended at frame 833
⚠️ Warning: Depth video ended at frame 834
⚠️ Warning: Depth video ended at frame 835
⚠️ Warning: Depth video ended at frame 836
⚠️ Warning: Depth video ended at frame 837
⚠️ Warning: Depth video ended at frame 838
⚠️ Warning: Depth video ended at frame 839
⚠️ Warning: Depth video ended at frame 840
⚠️ Warning: Depth video ended at frame 841
⚠️ Warning: Depth video ended at frame 842
⚠️ Warning: Depth video ended at frame 843
⚠️ Warning: Depth video ended at frame 844
⚠️ Warning: Depth video ended at frame 845
⚠️ Warning: Depth video ended at frame 846
⚠️ Warning: Depth video ended at frame 847
⚠️ Warning: Depth video ended at frame 848
⚠️ Warning: Depth video ended at frame 849
⚠️ Warning: Depth video ended at frame 850
⚠️ Warning: Depth video ended at frame 851
⚠️ Warning: Depth video ended at frame 852
⚠️ Warning: Depth video ended at frame 853
⚠️ Warning: Depth video ended at frame 854
⚠️ Warning: Depth video ended at frame 855
⚠️ Warning: Depth video ended at frame 856
⚠️ Warning: Depth video ended at frame 857
⚠️ Warning: Depth video ended at frame 858
⚠️ Warning: Depth video ended at frame 859
⚠️ Warning: Depth video ended at frame 860
⚠️ Warning: Depth video ended at frame 861
⚠️ Warning: Depth video ended at frame 862
⚠️ Warning: Depth video ended at frame 863
⚠️ Warning: Depth video ended at frame 864
⚠️ Warning: Depth video ended at frame 865
⚠️ Warning: Depth video ended at frame 866
⚠️ Warning: Depth video ended at frame 867
⚠️ Warning: Depth video ended at frame 868
⚠️ Warning: Depth video ended at frame 869
⚠️ Warning: Depth video ended at frame 870
⚠️ Warning: Depth video ended at frame 871
⚠️ Warning: Depth video ended at frame 872
⚠️ Warning: Depth video ended at frame 873
⚠️ Warning: Depth video ended at frame 874
⚠️ Warning: Depth video ended at frame 875
⚠️ Warning: Depth video ended at frame 876
⚠️ Warning: Depth video ended at frame 877
⚠️ Warning: Depth video ended at frame 878
⚠️ Warning: Depth video ended at frame 879
⚠️ Warning: Depth video ended at frame 880
⚠️ Warning: Depth video ended at frame 881
⚠️ Warning: Depth video ended at frame 882
⚠️ Warning: Depth video ended at frame 883
⚠️ Warning: Depth video ended at frame 884
⚠️ Warning: Depth video ended at frame 885
⚠️ Warning: Depth video ended at frame 886
⚠️ Warning: Depth video ended at frame 887
⚠️ Warning: Depth video ended at frame 888
⚠️ Warning: Depth video ended at frame 889
⚠️ Warning: Depth video ended at frame 890
⚠️ Warning: Depth video ended at frame 891
⚠️ Warning: Depth video ended at frame 892
⚠️ Warning: Depth video ended at frame 893
⚠️ Warning: Depth video ended at frame 894
⚠️ Warning: Depth video ended at frame 895
⚠️ Warning: Depth video ended at frame 896
⚠️ Warning: Depth video ended at frame 897
⚠️ Warning: Depth video ended at frame 898
⚠️ Warning: Depth video ended at frame 899
  Processed 900 frames | FPS: 28.65
⚠️ Warning: Depth video ended at frame 900
⚠️ Warning: Depth video ended at frame 901
⚠️ Warning: Depth video ended at frame 902
⚠️ Warning: Depth video ended at frame 903
⚠️ Warning: Depth video ended at frame 904
⚠️ Warning: Depth video ended at frame 905
⚠️ Warning: Depth video ended at frame 906
⚠️ Warning: Depth video ended at frame 907
⚠️ Warning: Depth video ended at frame 908
⚠️ Warning: Depth video ended at frame 909
⚠️ Warning: Depth video ended at frame 910
⚠️ Warning: Depth video ended at frame 911
⚠️ Warning: Depth video ended at frame 912
⚠️ Warning: Depth video ended at frame 913
⚠️ Warning: Depth video ended at frame 914
⚠️ Warning: Depth video ended at frame 915
⚠️ Warning: Depth video ended at frame 916
⚠️ Warning: Depth video ended at frame 917
⚠️ Warning: Depth video ended at frame 918
⚠️ Warning: Depth video ended at frame 919
⚠️ Warning: Depth video ended at frame 920
⚠️ Warning: Depth video ended at frame 921
⚠️ Warning: Depth video ended at frame 922
⚠️ Warning: Depth video ended at frame 923
⚠️ Warning: Depth video ended at frame 924
⚠️ Warning: Depth video ended at frame 925
⚠️ Warning: Depth video ended at frame 926
⚠️ Warning: Depth video ended at frame 927
⚠️ Warning: Depth video ended at frame 928
⚠️ Warning: Depth video ended at frame 929
⚠️ Warning: Depth video ended at frame 930
⚠️ Warning: Depth video ended at frame 931
⚠️ Warning: Depth video ended at frame 932
⚠️ Warning: Depth video ended at frame 933
⚠️ Warning: Depth video ended at frame 934
⚠️ Warning: Depth video ended at frame 935
⚠️ Warning: Depth video ended at frame 936
⚠️ Warning: Depth video ended at frame 937
⚠️ Warning: Depth video ended at frame 938
⚠️ Warning: Depth video ended at frame 939
⚠️ Warning: Depth video ended at frame 940
⚠️ Warning: Depth video ended at frame 941
⚠️ Warning: Depth video ended at frame 942
⚠️ Warning: Depth video ended at frame 943
⚠️ Warning: Depth video ended at frame 944
⚠️ Warning: Depth video ended at frame 945
⚠️ Warning: Depth video ended at frame 946
⚠️ Warning: Depth video ended at frame 947
⚠️ Warning: Depth video ended at frame 948
⚠️ Warning: Depth video ended at frame 949
⚠️ Warning: Depth video ended at frame 950
⚠️ Warning: Depth video ended at frame 951
⚠️ Warning: Depth video ended at frame 952
⚠️ Warning: Depth video ended at frame 953
⚠️ Warning: Depth video ended at frame 954
⚠️ Warning: Depth video ended at frame 955
⚠️ Warning: Depth video ended at frame 956
⚠️ Warning: Depth video ended at frame 957
⚠️ Warning: Depth video ended at frame 958
⚠️ Warning: Depth video ended at frame 959
⚠️ Warning: Depth video ended at frame 960
⚠️ Warning: Depth video ended at frame 961
⚠️ Warning: Depth video ended at frame 962
⚠️ Warning: Depth video ended at frame 963
⚠️ Warning: Depth video ended at frame 964
⚠️ Warning: Depth video ended at frame 965
⚠️ Warning: Depth video ended at frame 966
⚠️ Warning: Depth video ended at frame 967
⚠️ Warning: Depth video ended at frame 968
⚠️ Warning: Depth video ended at frame 969
⚠️ Warning: Depth video ended at frame 970
⚠️ Warning: Depth video ended at frame 971
⚠️ Warning: Depth video ended at frame 972
⚠️ Warning: Depth video ended at frame 973
⚠️ Warning: Depth video ended at frame 974
⚠️ Warning: Depth video ended at frame 975
⚠️ Warning: Depth video ended at frame 976
⚠️ Warning: Depth video ended at frame 977
⚠️ Warning: Depth video ended at frame 978
⚠️ Warning: Depth video ended at frame 979
⚠️ Warning: Depth video ended at frame 980
⚠️ Warning: Depth video ended at frame 981
⚠️ Warning: Depth video ended at frame 982
⚠️ Warning: Depth video ended at frame 983
⚠️ Warning: Depth video ended at frame 984
⚠️ Warning: Depth video ended at frame 985
⚠️ Warning: Depth video ended at frame 986
⚠️ Warning: Depth video ended at frame 987
⚠️ Warning: Depth video ended at frame 988
⚠️ Warning: Depth video ended at frame 989
⚠️ Warning: Depth video ended at frame 990
⚠️ Warning: Depth video ended at frame 991
⚠️ Warning: Depth video ended at frame 992
⚠️ Warning: Depth video ended at frame 993
⚠️ Warning: Depth video ended at frame 994
⚠️ Warning: Depth video ended at frame 995
⚠️ Warning: Depth video ended at frame 996
⚠️ Warning: Depth video ended at frame 997
⚠️ Warning: Depth video ended at frame 998
⚠️ Warning: Depth video ended at frame 999
  Processed 1000 frames | FPS: 28.92
⚠️ Warning: Depth video ended at frame 1000
⚠️ Warning: Depth video ended at frame 1001
⚠️ Warning: Depth video ended at frame 1002
⚠️ Warning: Depth video ended at frame 1003
⚠️ Warning: Depth video ended at frame 1004
⚠️ Warning: Depth video ended at frame 1005
⚠️ Warning: Depth video ended at frame 1006
⚠️ Warning: Depth video ended at frame 1007
⚠️ Warning: Depth video ended at frame 1008
⚠️ Warning: Depth video ended at frame 1009
⚠️ Warning: Depth video ended at frame 1010
⚠️ Warning: Depth video ended at frame 1011
⚠️ Warning: Depth video ended at frame 1012
⚠️ Warning: Depth video ended at frame 1013
⚠️ Warning: Depth video ended at frame 1014
⚠️ Warning: Depth video ended at frame 1015
⚠️ Warning: Depth video ended at frame 1016
⚠️ Warning: Depth video ended at frame 1017
⚠️ Warning: Depth video ended at frame 1018
⚠️ Warning: Depth video ended at frame 1019
⚠️ Warning: Depth video ended at frame 1020
⚠️ Warning: Depth video ended at frame 1021
⚠️ Warning: Depth video ended at frame 1022
⚠️ Warning: Depth video ended at frame 1023
⚠️ Warning: Depth video ended at frame 1024
⚠️ Warning: Depth video ended at frame 1025
⚠️ Warning: Depth video ended at frame 1026
⚠️ Warning: Depth video ended at frame 1027
⚠️ Warning: Depth video ended at frame 1028
⚠️ Warning: Depth video ended at frame 1029
⚠️ Warning: Depth video ended at frame 1030
⚠️ Warning: Depth video ended at frame 1031
⚠️ Warning: Depth video ended at frame 1032
⚠️ Warning: Depth video ended at frame 1033
⚠️ Warning: Depth video ended at frame 1034
⚠️ Warning: Depth video ended at frame 1035
⚠️ Warning: Depth video ended at frame 1036
⚠️ Warning: Depth video ended at frame 1037
⚠️ Warning: Depth video ended at frame 1038
⚠️ Warning: Depth video ended at frame 1039
⚠️ Warning: Depth video ended at frame 1040
⚠️ Warning: Depth video ended at frame 1041
⚠️ Warning: Depth video ended at frame 1042
⚠️ Warning: Depth video ended at frame 1043
⚠️ Warning: Depth video ended at frame 1044
⚠️ Warning: Depth video ended at frame 1045
⚠️ Warning: Depth video ended at frame 1046
⚠️ Warning: Depth video ended at frame 1047
⚠️ Warning: Depth video ended at frame 1048
⚠️ Warning: Depth video ended at frame 1049
⚠️ Warning: Depth video ended at frame 1050
⚠️ Warning: Depth video ended at frame 1051
⚠️ Warning: Depth video ended at frame 1052
⚠️ Warning: Depth video ended at frame 1053
⚠️ Warning: Depth video ended at frame 1054
⚠️ Warning: Depth video ended at frame 1055
⚠️ Warning: Depth video ended at frame 1056
⚠️ Warning: Depth video ended at frame 1057
⚠️ Warning: Depth video ended at frame 1058
⚠️ Warning: Depth video ended at frame 1059
⚠️ Warning: Depth video ended at frame 1060
⚠️ Warning: Depth video ended at frame 1061
⚠️ Warning: Depth video ended at frame 1062
⚠️ Warning: Depth video ended at frame 1063
⚠️ Warning: Depth video ended at frame 1064
⚠️ Warning: Depth video ended at frame 1065
⚠️ Warning: Depth video ended at frame 1066
⚠️ Warning: Depth video ended at frame 1067
⚠️ Warning: Depth video ended at frame 1068
⚠️ Warning: Depth video ended at frame 1069
⚠️ Warning: Depth video ended at frame 1070
⚠️ Warning: Depth video ended at frame 1071
⚠️ Warning: Depth video ended at frame 1072
⚠️ Warning: Depth video ended at frame 1073
⚠️ Warning: Depth video ended at frame 1074
⚠️ Warning: Depth video ended at frame 1075
⚠️ Warning: Depth video ended at frame 1076
⚠️ Warning: Depth video ended at frame 1077
⚠️ Warning: Depth video ended at frame 1078
⚠️ Warning: Depth video ended at frame 1079
⚠️ Warning: Depth video ended at frame 1080
⚠️ Warning: Depth video ended at frame 1081
⚠️ Warning: Depth video ended at frame 1082
⚠️ Warning: Depth video ended at frame 1083
⚠️ Warning: Depth video ended at frame 1084
⚠️ Warning: Depth video ended at frame 1085
⚠️ Warning: Depth video ended at frame 1086
⚠️ Warning: Depth video ended at frame 1087
⚠️ Warning: Depth video ended at frame 1088
⚠️ Warning: Depth video ended at frame 1089
⚠️ Warning: Depth video ended at frame 1090
⚠️ Warning: Depth video ended at frame 1091
⚠️ Warning: Depth video ended at frame 1092
⚠️ Warning: Depth video ended at frame 1093
⚠️ Warning: Depth video ended at frame 1094
⚠️ Warning: Depth video ended at frame 1095
⚠️ Warning: Depth video ended at frame 1096
⚠️ Warning: Depth video ended at frame 1097
⚠️ Warning: Depth video ended at frame 1098
⚠️ Warning: Depth video ended at frame 1099
  Processed 1100 frames | FPS: 28.36
⚠️ Warning: Depth video ended at frame 1100
⚠️ Warning: Depth video ended at frame 1101
⚠️ Warning: Depth video ended at frame 1102
⚠️ Warning: Depth video ended at frame 1103
⚠️ Warning: Depth video ended at frame 1104
⚠️ Warning: Depth video ended at frame 1105
⚠️ Warning: Depth video ended at frame 1106
⚠️ Warning: Depth video ended at frame 1107
⚠️ Warning: Depth video ended at frame 1108
⚠️ Warning: Depth video ended at frame 1109
⚠️ Warning: Depth video ended at frame 1110
⚠️ Warning: Depth video ended at frame 1111
⚠️ Warning: Depth video ended at frame 1112
⚠️ Warning: Depth video ended at frame 1113
⚠️ Warning: Depth video ended at frame 1114
⚠️ Warning: Depth video ended at frame 1115
⚠️ Warning: Depth video ended at frame 1116
⚠️ Warning: Depth video ended at frame 1117
⚠️ Warning: Depth video ended at frame 1118
⚠️ Warning: Depth video ended at frame 1119
⚠️ Warning: Depth video ended at frame 1120
⚠️ Warning: Depth video ended at frame 1121
⚠️ Warning: Depth video ended at frame 1122
⚠️ Warning: Depth video ended at frame 1123
⚠️ Warning: Depth video ended at frame 1124
⚠️ Warning: Depth video ended at frame 1125
⚠️ Warning: Depth video ended at frame 1126
⚠️ Warning: Depth video ended at frame 1127
⚠️ Warning: Depth video ended at frame 1128
⚠️ Warning: Depth video ended at frame 1129
⚠️ Warning: Depth video ended at frame 1130
⚠️ Warning: Depth video ended at frame 1131
⚠️ Warning: Depth video ended at frame 1132
⚠️ Warning: Depth video ended at frame 1133
⚠️ Warning: Depth video ended at frame 1134
⚠️ Warning: Depth video ended at frame 1135
⚠️ Warning: Depth video ended at frame 1136
⚠️ Warning: Depth video ended at frame 1137
⚠️ Warning: Depth video ended at frame 1138
⚠️ Warning: Depth video ended at frame 1139
⚠️ Warning: Depth video ended at frame 1140
⚠️ Warning: Depth video ended at frame 1141
⚠️ Warning: Depth video ended at frame 1142
⚠️ Warning: Depth video ended at frame 1143
⚠️ Warning: Depth video ended at frame 1144
⚠️ Warning: Depth video ended at frame 1145
⚠️ Warning: Depth video ended at frame 1146
⚠️ Warning: Depth video ended at frame 1147
⚠️ Warning: Depth video ended at frame 1148
⚠️ Warning: Depth video ended at frame 1149
⚠️ Warning: Depth video ended at frame 1150
⚠️ Warning: Depth video ended at frame 1151
⚠️ Warning: Depth video ended at frame 1152
⚠️ Warning: Depth video ended at frame 1153
⚠️ Warning: Depth video ended at frame 1154
⚠️ Warning: Depth video ended at frame 1155
⚠️ Warning: Depth video ended at frame 1156
⚠️ Warning: Depth video ended at frame 1157
⚠️ Warning: Depth video ended at frame 1158
⚠️ Warning: Depth video ended at frame 1159
⚠️ Warning: Depth video ended at frame 1160
⚠️ Warning: Depth video ended at frame 1161
⚠️ Warning: Depth video ended at frame 1162
⚠️ Warning: Depth video ended at frame 1163
⚠️ Warning: Depth video ended at frame 1164
⚠️ Warning: Depth video ended at frame 1165
⚠️ Warning: Depth video ended at frame 1166
⚠️ Warning: Depth video ended at frame 1167
⚠️ Warning: Depth video ended at frame 1168
⚠️ Warning: Depth video ended at frame 1169
⚠️ Warning: Depth video ended at frame 1170
⚠️ Warning: Depth video ended at frame 1171
⚠️ Warning: Depth video ended at frame 1172
⚠️ Warning: Depth video ended at frame 1173
⚠️ Warning: Depth video ended at frame 1174
⚠️ Warning: Depth video ended at frame 1175

✅ Completed full_features: 1176 frames in 41.78s
   Average FPS: 38.37
   MOTA: 0.852 | IDF1: 0.995
Metrics exported to: benchmark/results/with_deepsort/full_features_results.json
   Results saved to: benchmark/results/with_deepsort/full_features_results.json

======================================================================
Running: deepsort
======================================================================
⚠️ Warning: Depth video ended at frame 0
⚠️ Warning: Depth video ended at frame 1
⚠️ Warning: Depth video ended at frame 2
⚠️ Warning: Depth video ended at frame 3
⚠️ Warning: Depth video ended at frame 4
⚠️ Warning: Depth video ended at frame 5
⚠️ Warning: Depth video ended at frame 6
⚠️ Warning: Depth video ended at frame 7
⚠️ Warning: Depth video ended at frame 8
⚠️ Warning: Depth video ended at frame 9
⚠️ Warning: Depth video ended at frame 10
⚠️ Warning: Depth video ended at frame 11
⚠️ Warning: Depth video ended at frame 12
⚠️ Warning: Depth video ended at frame 13
⚠️ Warning: Depth video ended at frame 14
⚠️ Warning: Depth video ended at frame 15
⚠️ Warning: Depth video ended at frame 16
⚠️ Warning: Depth video ended at frame 17
⚠️ Warning: Depth video ended at frame 18
⚠️ Warning: Depth video ended at frame 19
⚠️ Warning: Depth video ended at frame 20
⚠️ Warning: Depth video ended at frame 21
⚠️ Warning: Depth video ended at frame 22
⚠️ Warning: Depth video ended at frame 23
⚠️ Warning: Depth video ended at frame 24
⚠️ Warning: Depth video ended at frame 25
⚠️ Warning: Depth video ended at frame 26
⚠️ Warning: Depth video ended at frame 27
⚠️ Warning: Depth video ended at frame 28
⚠️ Warning: Depth video ended at frame 29
⚠️ Warning: Depth video ended at frame 30
⚠️ Warning: Depth video ended at frame 31
⚠️ Warning: Depth video ended at frame 32
⚠️ Warning: Depth video ended at frame 33
⚠️ Warning: Depth video ended at frame 34
⚠️ Warning: Depth video ended at frame 35
⚠️ Warning: Depth video ended at frame 36
⚠️ Warning: Depth video ended at frame 37
⚠️ Warning: Depth video ended at frame 38
⚠️ Warning: Depth video ended at frame 39
⚠️ Warning: Depth video ended at frame 40
⚠️ Warning: Depth video ended at frame 41
⚠️ Warning: Depth video ended at frame 42
⚠️ Warning: Depth video ended at frame 43
⚠️ Warning: Depth video ended at frame 44
⚠️ Warning: Depth video ended at frame 45
⚠️ Warning: Depth video ended at frame 46
⚠️ Warning: Depth video ended at frame 47
⚠️ Warning: Depth video ended at frame 48
⚠️ Warning: Depth video ended at frame 49
⚠️ Warning: Depth video ended at frame 50
⚠️ Warning: Depth video ended at frame 51
⚠️ Warning: Depth video ended at frame 52
⚠️ Warning: Depth video ended at frame 53
⚠️ Warning: Depth video ended at frame 54
⚠️ Warning: Depth video ended at frame 55
⚠️ Warning: Depth video ended at frame 56
⚠️ Warning: Depth video ended at frame 57
⚠️ Warning: Depth video ended at frame 58
⚠️ Warning: Depth video ended at frame 59
⚠️ Warning: Depth video ended at frame 60
⚠️ Warning: Depth video ended at frame 61
⚠️ Warning: Depth video ended at frame 62
⚠️ Warning: Depth video ended at frame 63
⚠️ Warning: Depth video ended at frame 64
⚠️ Warning: Depth video ended at frame 65
⚠️ Warning: Depth video ended at frame 66
⚠️ Warning: Depth video ended at frame 67
⚠️ Warning: Depth video ended at frame 68
⚠️ Warning: Depth video ended at frame 69
⚠️ Warning: Depth video ended at frame 70
⚠️ Warning: Depth video ended at frame 71
⚠️ Warning: Depth video ended at frame 72
⚠️ Warning: Depth video ended at frame 73
⚠️ Warning: Depth video ended at frame 74
⚠️ Warning: Depth video ended at frame 75
⚠️ Warning: Depth video ended at frame 76
⚠️ Warning: Depth video ended at frame 77
⚠️ Warning: Depth video ended at frame 78
⚠️ Warning: Depth video ended at frame 79
⚠️ Warning: Depth video ended at frame 80
⚠️ Warning: Depth video ended at frame 81
⚠️ Warning: Depth video ended at frame 82
⚠️ Warning: Depth video ended at frame 83
⚠️ Warning: Depth video ended at frame 84
⚠️ Warning: Depth video ended at frame 85
⚠️ Warning: Depth video ended at frame 86
⚠️ Warning: Depth video ended at frame 87
⚠️ Warning: Depth video ended at frame 88
⚠️ Warning: Depth video ended at frame 89
⚠️ Warning: Depth video ended at frame 90
⚠️ Warning: Depth video ended at frame 91
⚠️ Warning: Depth video ended at frame 92
⚠️ Warning: Depth video ended at frame 93
⚠️ Warning: Depth video ended at frame 94
⚠️ Warning: Depth video ended at frame 95
⚠️ Warning: Depth video ended at frame 96
⚠️ Warning: Depth video ended at frame 97
⚠️ Warning: Depth video ended at frame 98
⚠️ Warning: Depth video ended at frame 99
  Processed 100 frames | FPS: 24.20
⚠️ Warning: Depth video ended at frame 100
⚠️ Warning: Depth video ended at frame 101
⚠️ Warning: Depth video ended at frame 102
⚠️ Warning: Depth video ended at frame 103
⚠️ Warning: Depth video ended at frame 104
⚠️ Warning: Depth video ended at frame 105
⚠️ Warning: Depth video ended at frame 106
⚠️ Warning: Depth video ended at frame 107
⚠️ Warning: Depth video ended at frame 108
⚠️ Warning: Depth video ended at frame 109
⚠️ Warning: Depth video ended at frame 110
⚠️ Warning: Depth video ended at frame 111
⚠️ Warning: Depth video ended at frame 112
⚠️ Warning: Depth video ended at frame 113
⚠️ Warning: Depth video ended at frame 114
⚠️ Warning: Depth video ended at frame 115
⚠️ Warning: Depth video ended at frame 116
⚠️ Warning: Depth video ended at frame 117
⚠️ Warning: Depth video ended at frame 118
⚠️ Warning: Depth video ended at frame 119
⚠️ Warning: Depth video ended at frame 120
⚠️ Warning: Depth video ended at frame 121
⚠️ Warning: Depth video ended at frame 122
⚠️ Warning: Depth video ended at frame 123
⚠️ Warning: Depth video ended at frame 124
⚠️ Warning: Depth video ended at frame 125
⚠️ Warning: Depth video ended at frame 126
⚠️ Warning: Depth video ended at frame 127
⚠️ Warning: Depth video ended at frame 128
⚠️ Warning: Depth video ended at frame 129
⚠️ Warning: Depth video ended at frame 130
⚠️ Warning: Depth video ended at frame 131
⚠️ Warning: Depth video ended at frame 132
⚠️ Warning: Depth video ended at frame 133
⚠️ Warning: Depth video ended at frame 134
⚠️ Warning: Depth video ended at frame 135
⚠️ Warning: Depth video ended at frame 136
⚠️ Warning: Depth video ended at frame 137
⚠️ Warning: Depth video ended at frame 138
⚠️ Warning: Depth video ended at frame 139
⚠️ Warning: Depth video ended at frame 140
⚠️ Warning: Depth video ended at frame 141
⚠️ Warning: Depth video ended at frame 142
⚠️ Warning: Depth video ended at frame 143
⚠️ Warning: Depth video ended at frame 144
⚠️ Warning: Depth video ended at frame 145
⚠️ Warning: Depth video ended at frame 146
⚠️ Warning: Depth video ended at frame 147
⚠️ Warning: Depth video ended at frame 148
⚠️ Warning: Depth video ended at frame 149
⚠️ Warning: Depth video ended at frame 150
⚠️ Warning: Depth video ended at frame 151
⚠️ Warning: Depth video ended at frame 152
⚠️ Warning: Depth video ended at frame 153
⚠️ Warning: Depth video ended at frame 154
⚠️ Warning: Depth video ended at frame 155
⚠️ Warning: Depth video ended at frame 156
⚠️ Warning: Depth video ended at frame 157
⚠️ Warning: Depth video ended at frame 158
⚠️ Warning: Depth video ended at frame 159
⚠️ Warning: Depth video ended at frame 160
⚠️ Warning: Depth video ended at frame 161
⚠️ Warning: Depth video ended at frame 162
⚠️ Warning: Depth video ended at frame 163
⚠️ Warning: Depth video ended at frame 164
⚠️ Warning: Depth video ended at frame 165
⚠️ Warning: Depth video ended at frame 166
⚠️ Warning: Depth video ended at frame 167
⚠️ Warning: Depth video ended at frame 168
⚠️ Warning: Depth video ended at frame 169
⚠️ Warning: Depth video ended at frame 170
⚠️ Warning: Depth video ended at frame 171
⚠️ Warning: Depth video ended at frame 172
⚠️ Warning: Depth video ended at frame 173
⚠️ Warning: Depth video ended at frame 174
⚠️ Warning: Depth video ended at frame 175
⚠️ Warning: Depth video ended at frame 176
⚠️ Warning: Depth video ended at frame 177
⚠️ Warning: Depth video ended at frame 178
⚠️ Warning: Depth video ended at frame 179
⚠️ Warning: Depth video ended at frame 180
⚠️ Warning: Depth video ended at frame 181
⚠️ Warning: Depth video ended at frame 182
⚠️ Warning: Depth video ended at frame 183
⚠️ Warning: Depth video ended at frame 184
⚠️ Warning: Depth video ended at frame 185
⚠️ Warning: Depth video ended at frame 186
⚠️ Warning: Depth video ended at frame 187
⚠️ Warning: Depth video ended at frame 188
⚠️ Warning: Depth video ended at frame 189
⚠️ Warning: Depth video ended at frame 190
⚠️ Warning: Depth video ended at frame 191
⚠️ Warning: Depth video ended at frame 192
⚠️ Warning: Depth video ended at frame 193
⚠️ Warning: Depth video ended at frame 194
⚠️ Warning: Depth video ended at frame 195
⚠️ Warning: Depth video ended at frame 196
⚠️ Warning: Depth video ended at frame 197
⚠️ Warning: Depth video ended at frame 198
⚠️ Warning: Depth video ended at frame 199
  Processed 200 frames | FPS: 22.75
⚠️ Warning: Depth video ended at frame 200
⚠️ Warning: Depth video ended at frame 201
⚠️ Warning: Depth video ended at frame 202
⚠️ Warning: Depth video ended at frame 203
⚠️ Warning: Depth video ended at frame 204
⚠️ Warning: Depth video ended at frame 205
⚠️ Warning: Depth video ended at frame 206
⚠️ Warning: Depth video ended at frame 207
⚠️ Warning: Depth video ended at frame 208
⚠️ Warning: Depth video ended at frame 209
⚠️ Warning: Depth video ended at frame 210
⚠️ Warning: Depth video ended at frame 211
⚠️ Warning: Depth video ended at frame 212
⚠️ Warning: Depth video ended at frame 213
⚠️ Warning: Depth video ended at frame 214
⚠️ Warning: Depth video ended at frame 215
⚠️ Warning: Depth video ended at frame 216
⚠️ Warning: Depth video ended at frame 217
⚠️ Warning: Depth video ended at frame 218
⚠️ Warning: Depth video ended at frame 219
⚠️ Warning: Depth video ended at frame 220
⚠️ Warning: Depth video ended at frame 221
⚠️ Warning: Depth video ended at frame 222
⚠️ Warning: Depth video ended at frame 223
⚠️ Warning: Depth video ended at frame 224
⚠️ Warning: Depth video ended at frame 225
⚠️ Warning: Depth video ended at frame 226
⚠️ Warning: Depth video ended at frame 227
⚠️ Warning: Depth video ended at frame 228
⚠️ Warning: Depth video ended at frame 229
⚠️ Warning: Depth video ended at frame 230
⚠️ Warning: Depth video ended at frame 231
⚠️ Warning: Depth video ended at frame 232
⚠️ Warning: Depth video ended at frame 233
⚠️ Warning: Depth video ended at frame 234
⚠️ Warning: Depth video ended at frame 235
⚠️ Warning: Depth video ended at frame 236
⚠️ Warning: Depth video ended at frame 237
⚠️ Warning: Depth video ended at frame 238
⚠️ Warning: Depth video ended at frame 239
⚠️ Warning: Depth video ended at frame 240
⚠️ Warning: Depth video ended at frame 241
⚠️ Warning: Depth video ended at frame 242
⚠️ Warning: Depth video ended at frame 243
⚠️ Warning: Depth video ended at frame 244
⚠️ Warning: Depth video ended at frame 245
⚠️ Warning: Depth video ended at frame 246
⚠️ Warning: Depth video ended at frame 247
⚠️ Warning: Depth video ended at frame 248
⚠️ Warning: Depth video ended at frame 249
⚠️ Warning: Depth video ended at frame 250
⚠️ Warning: Depth video ended at frame 251
⚠️ Warning: Depth video ended at frame 252
⚠️ Warning: Depth video ended at frame 253
⚠️ Warning: Depth video ended at frame 254
⚠️ Warning: Depth video ended at frame 255
⚠️ Warning: Depth video ended at frame 256
⚠️ Warning: Depth video ended at frame 257
⚠️ Warning: Depth video ended at frame 258
⚠️ Warning: Depth video ended at frame 259
⚠️ Warning: Depth video ended at frame 260
⚠️ Warning: Depth video ended at frame 261
⚠️ Warning: Depth video ended at frame 262
⚠️ Warning: Depth video ended at frame 263
⚠️ Warning: Depth video ended at frame 264
⚠️ Warning: Depth video ended at frame 265
⚠️ Warning: Depth video ended at frame 266
⚠️ Warning: Depth video ended at frame 267
⚠️ Warning: Depth video ended at frame 268
⚠️ Warning: Depth video ended at frame 269
⚠️ Warning: Depth video ended at frame 270
⚠️ Warning: Depth video ended at frame 271
⚠️ Warning: Depth video ended at frame 272
⚠️ Warning: Depth video ended at frame 273
⚠️ Warning: Depth video ended at frame 274
⚠️ Warning: Depth video ended at frame 275
⚠️ Warning: Depth video ended at frame 276
⚠️ Warning: Depth video ended at frame 277
⚠️ Warning: Depth video ended at frame 278
⚠️ Warning: Depth video ended at frame 279
⚠️ Warning: Depth video ended at frame 280
⚠️ Warning: Depth video ended at frame 281
⚠️ Warning: Depth video ended at frame 282
⚠️ Warning: Depth video ended at frame 283
⚠️ Warning: Depth video ended at frame 284
⚠️ Warning: Depth video ended at frame 285
⚠️ Warning: Depth video ended at frame 286
⚠️ Warning: Depth video ended at frame 287
⚠️ Warning: Depth video ended at frame 288
⚠️ Warning: Depth video ended at frame 289
⚠️ Warning: Depth video ended at frame 290
⚠️ Warning: Depth video ended at frame 291
⚠️ Warning: Depth video ended at frame 292
⚠️ Warning: Depth video ended at frame 293
⚠️ Warning: Depth video ended at frame 294
⚠️ Warning: Depth video ended at frame 295
⚠️ Warning: Depth video ended at frame 296
⚠️ Warning: Depth video ended at frame 297
⚠️ Warning: Depth video ended at frame 298
⚠️ Warning: Depth video ended at frame 299
  Processed 300 frames | FPS: 23.64
⚠️ Warning: Depth video ended at frame 300
⚠️ Warning: Depth video ended at frame 301
⚠️ Warning: Depth video ended at frame 302
⚠️ Warning: Depth video ended at frame 303
⚠️ Warning: Depth video ended at frame 304
⚠️ Warning: Depth video ended at frame 305
⚠️ Warning: Depth video ended at frame 306
⚠️ Warning: Depth video ended at frame 307
⚠️ Warning: Depth video ended at frame 308
⚠️ Warning: Depth video ended at frame 309
⚠️ Warning: Depth video ended at frame 310
⚠️ Warning: Depth video ended at frame 311
⚠️ Warning: Depth video ended at frame 312
⚠️ Warning: Depth video ended at frame 313
⚠️ Warning: Depth video ended at frame 314
⚠️ Warning: Depth video ended at frame 315
⚠️ Warning: Depth video ended at frame 316
⚠️ Warning: Depth video ended at frame 317
⚠️ Warning: Depth video ended at frame 318
⚠️ Warning: Depth video ended at frame 319
⚠️ Warning: Depth video ended at frame 320
⚠️ Warning: Depth video ended at frame 321
⚠️ Warning: Depth video ended at frame 322
⚠️ Warning: Depth video ended at frame 323
⚠️ Warning: Depth video ended at frame 324
⚠️ Warning: Depth video ended at frame 325
⚠️ Warning: Depth video ended at frame 326
⚠️ Warning: Depth video ended at frame 327
⚠️ Warning: Depth video ended at frame 328
⚠️ Warning: Depth video ended at frame 329
⚠️ Warning: Depth video ended at frame 330
⚠️ Warning: Depth video ended at frame 331
⚠️ Warning: Depth video ended at frame 332
⚠️ Warning: Depth video ended at frame 333
⚠️ Warning: Depth video ended at frame 334
⚠️ Warning: Depth video ended at frame 335
⚠️ Warning: Depth video ended at frame 336
⚠️ Warning: Depth video ended at frame 337
⚠️ Warning: Depth video ended at frame 338
⚠️ Warning: Depth video ended at frame 339
⚠️ Warning: Depth video ended at frame 340
⚠️ Warning: Depth video ended at frame 341
⚠️ Warning: Depth video ended at frame 342
⚠️ Warning: Depth video ended at frame 343
⚠️ Warning: Depth video ended at frame 344
⚠️ Warning: Depth video ended at frame 345
⚠️ Warning: Depth video ended at frame 346
⚠️ Warning: Depth video ended at frame 347
⚠️ Warning: Depth video ended at frame 348
⚠️ Warning: Depth video ended at frame 349
⚠️ Warning: Depth video ended at frame 350
⚠️ Warning: Depth video ended at frame 351
⚠️ Warning: Depth video ended at frame 352
⚠️ Warning: Depth video ended at frame 353
⚠️ Warning: Depth video ended at frame 354
⚠️ Warning: Depth video ended at frame 355
⚠️ Warning: Depth video ended at frame 356
⚠️ Warning: Depth video ended at frame 357
⚠️ Warning: Depth video ended at frame 358
⚠️ Warning: Depth video ended at frame 359
⚠️ Warning: Depth video ended at frame 360
⚠️ Warning: Depth video ended at frame 361
⚠️ Warning: Depth video ended at frame 362
⚠️ Warning: Depth video ended at frame 363
⚠️ Warning: Depth video ended at frame 364
⚠️ Warning: Depth video ended at frame 365
⚠️ Warning: Depth video ended at frame 366
⚠️ Warning: Depth video ended at frame 367
⚠️ Warning: Depth video ended at frame 368
⚠️ Warning: Depth video ended at frame 369
⚠️ Warning: Depth video ended at frame 370
⚠️ Warning: Depth video ended at frame 371
⚠️ Warning: Depth video ended at frame 372
⚠️ Warning: Depth video ended at frame 373
⚠️ Warning: Depth video ended at frame 374
⚠️ Warning: Depth video ended at frame 375
⚠️ Warning: Depth video ended at frame 376
⚠️ Warning: Depth video ended at frame 377
⚠️ Warning: Depth video ended at frame 378
⚠️ Warning: Depth video ended at frame 379
⚠️ Warning: Depth video ended at frame 380
⚠️ Warning: Depth video ended at frame 381
⚠️ Warning: Depth video ended at frame 382
⚠️ Warning: Depth video ended at frame 383
⚠️ Warning: Depth video ended at frame 384
⚠️ Warning: Depth video ended at frame 385
⚠️ Warning: Depth video ended at frame 386
⚠️ Warning: Depth video ended at frame 387
⚠️ Warning: Depth video ended at frame 388
⚠️ Warning: Depth video ended at frame 389
⚠️ Warning: Depth video ended at frame 390
⚠️ Warning: Depth video ended at frame 391
⚠️ Warning: Depth video ended at frame 392
⚠️ Warning: Depth video ended at frame 393
⚠️ Warning: Depth video ended at frame 394
⚠️ Warning: Depth video ended at frame 395
⚠️ Warning: Depth video ended at frame 396
⚠️ Warning: Depth video ended at frame 397
⚠️ Warning: Depth video ended at frame 398
⚠️ Warning: Depth video ended at frame 399
  Processed 400 frames | FPS: 22.77
⚠️ Warning: Depth video ended at frame 400
⚠️ Warning: Depth video ended at frame 401
⚠️ Warning: Depth video ended at frame 402
⚠️ Warning: Depth video ended at frame 403
⚠️ Warning: Depth video ended at frame 404
⚠️ Warning: Depth video ended at frame 405
⚠️ Warning: Depth video ended at frame 406
⚠️ Warning: Depth video ended at frame 407
⚠️ Warning: Depth video ended at frame 408
⚠️ Warning: Depth video ended at frame 409
⚠️ Warning: Depth video ended at frame 410
⚠️ Warning: Depth video ended at frame 411
⚠️ Warning: Depth video ended at frame 412
⚠️ Warning: Depth video ended at frame 413
⚠️ Warning: Depth video ended at frame 414
⚠️ Warning: Depth video ended at frame 415
⚠️ Warning: Depth video ended at frame 416
⚠️ Warning: Depth video ended at frame 417
⚠️ Warning: Depth video ended at frame 418
⚠️ Warning: Depth video ended at frame 419
⚠️ Warning: Depth video ended at frame 420
⚠️ Warning: Depth video ended at frame 421
⚠️ Warning: Depth video ended at frame 422
⚠️ Warning: Depth video ended at frame 423
⚠️ Warning: Depth video ended at frame 424
⚠️ Warning: Depth video ended at frame 425
⚠️ Warning: Depth video ended at frame 426
⚠️ Warning: Depth video ended at frame 427
⚠️ Warning: Depth video ended at frame 428
⚠️ Warning: Depth video ended at frame 429
⚠️ Warning: Depth video ended at frame 430
⚠️ Warning: Depth video ended at frame 431
⚠️ Warning: Depth video ended at frame 432
⚠️ Warning: Depth video ended at frame 433
⚠️ Warning: Depth video ended at frame 434
⚠️ Warning: Depth video ended at frame 435
⚠️ Warning: Depth video ended at frame 436
⚠️ Warning: Depth video ended at frame 437
⚠️ Warning: Depth video ended at frame 438
⚠️ Warning: Depth video ended at frame 439
⚠️ Warning: Depth video ended at frame 440
⚠️ Warning: Depth video ended at frame 441
⚠️ Warning: Depth video ended at frame 442
⚠️ Warning: Depth video ended at frame 443
⚠️ Warning: Depth video ended at frame 444
⚠️ Warning: Depth video ended at frame 445
⚠️ Warning: Depth video ended at frame 446
⚠️ Warning: Depth video ended at frame 447
⚠️ Warning: Depth video ended at frame 448
⚠️ Warning: Depth video ended at frame 449
⚠️ Warning: Depth video ended at frame 450
⚠️ Warning: Depth video ended at frame 451
⚠️ Warning: Depth video ended at frame 452
⚠️ Warning: Depth video ended at frame 453
⚠️ Warning: Depth video ended at frame 454
⚠️ Warning: Depth video ended at frame 455
⚠️ Warning: Depth video ended at frame 456
⚠️ Warning: Depth video ended at frame 457
⚠️ Warning: Depth video ended at frame 458
⚠️ Warning: Depth video ended at frame 459
⚠️ Warning: Depth video ended at frame 460
⚠️ Warning: Depth video ended at frame 461
⚠️ Warning: Depth video ended at frame 462
⚠️ Warning: Depth video ended at frame 463
⚠️ Warning: Depth video ended at frame 464
⚠️ Warning: Depth video ended at frame 465
⚠️ Warning: Depth video ended at frame 466
⚠️ Warning: Depth video ended at frame 467
⚠️ Warning: Depth video ended at frame 468
⚠️ Warning: Depth video ended at frame 469
⚠️ Warning: Depth video ended at frame 470
⚠️ Warning: Depth video ended at frame 471
⚠️ Warning: Depth video ended at frame 472
⚠️ Warning: Depth video ended at frame 473
⚠️ Warning: Depth video ended at frame 474
⚠️ Warning: Depth video ended at frame 475
⚠️ Warning: Depth video ended at frame 476
⚠️ Warning: Depth video ended at frame 477
⚠️ Warning: Depth video ended at frame 478
⚠️ Warning: Depth video ended at frame 479
⚠️ Warning: Depth video ended at frame 480
⚠️ Warning: Depth video ended at frame 481
⚠️ Warning: Depth video ended at frame 482
⚠️ Warning: Depth video ended at frame 483
⚠️ Warning: Depth video ended at frame 484
⚠️ Warning: Depth video ended at frame 485
⚠️ Warning: Depth video ended at frame 486
⚠️ Warning: Depth video ended at frame 487
⚠️ Warning: Depth video ended at frame 488
⚠️ Warning: Depth video ended at frame 489
⚠️ Warning: Depth video ended at frame 490
⚠️ Warning: Depth video ended at frame 491
⚠️ Warning: Depth video ended at frame 492
⚠️ Warning: Depth video ended at frame 493
⚠️ Warning: Depth video ended at frame 494
⚠️ Warning: Depth video ended at frame 495
⚠️ Warning: Depth video ended at frame 496
⚠️ Warning: Depth video ended at frame 497
⚠️ Warning: Depth video ended at frame 498
⚠️ Warning: Depth video ended at frame 499
  Processed 500 frames | FPS: 21.64
⚠️ Warning: Depth video ended at frame 500
⚠️ Warning: Depth video ended at frame 501
⚠️ Warning: Depth video ended at frame 502
⚠️ Warning: Depth video ended at frame 503
⚠️ Warning: Depth video ended at frame 504
⚠️ Warning: Depth video ended at frame 505
⚠️ Warning: Depth video ended at frame 506
⚠️ Warning: Depth video ended at frame 507
⚠️ Warning: Depth video ended at frame 508
⚠️ Warning: Depth video ended at frame 509
⚠️ Warning: Depth video ended at frame 510
⚠️ Warning: Depth video ended at frame 511
⚠️ Warning: Depth video ended at frame 512
⚠️ Warning: Depth video ended at frame 513
⚠️ Warning: Depth video ended at frame 514
⚠️ Warning: Depth video ended at frame 515
⚠️ Warning: Depth video ended at frame 516
⚠️ Warning: Depth video ended at frame 517
⚠️ Warning: Depth video ended at frame 518
⚠️ Warning: Depth video ended at frame 519
⚠️ Warning: Depth video ended at frame 520
⚠️ Warning: Depth video ended at frame 521
⚠️ Warning: Depth video ended at frame 522
⚠️ Warning: Depth video ended at frame 523
⚠️ Warning: Depth video ended at frame 524
⚠️ Warning: Depth video ended at frame 525
⚠️ Warning: Depth video ended at frame 526
⚠️ Warning: Depth video ended at frame 527
⚠️ Warning: Depth video ended at frame 528
⚠️ Warning: Depth video ended at frame 529
⚠️ Warning: Depth video ended at frame 530
⚠️ Warning: Depth video ended at frame 531
⚠️ Warning: Depth video ended at frame 532
⚠️ Warning: Depth video ended at frame 533
⚠️ Warning: Depth video ended at frame 534
⚠️ Warning: Depth video ended at frame 535
⚠️ Warning: Depth video ended at frame 536
⚠️ Warning: Depth video ended at frame 537
⚠️ Warning: Depth video ended at frame 538
⚠️ Warning: Depth video ended at frame 539
⚠️ Warning: Depth video ended at frame 540
⚠️ Warning: Depth video ended at frame 541
⚠️ Warning: Depth video ended at frame 542
⚠️ Warning: Depth video ended at frame 543
⚠️ Warning: Depth video ended at frame 544
⚠️ Warning: Depth video ended at frame 545
⚠️ Warning: Depth video ended at frame 546
⚠️ Warning: Depth video ended at frame 547
⚠️ Warning: Depth video ended at frame 548
⚠️ Warning: Depth video ended at frame 549
⚠️ Warning: Depth video ended at frame 550
⚠️ Warning: Depth video ended at frame 551
⚠️ Warning: Depth video ended at frame 552
⚠️ Warning: Depth video ended at frame 553
⚠️ Warning: Depth video ended at frame 554
⚠️ Warning: Depth video ended at frame 555
⚠️ Warning: Depth video ended at frame 556
⚠️ Warning: Depth video ended at frame 557
⚠️ Warning: Depth video ended at frame 558
⚠️ Warning: Depth video ended at frame 559
⚠️ Warning: Depth video ended at frame 560
⚠️ Warning: Depth video ended at frame 561
⚠️ Warning: Depth video ended at frame 562
⚠️ Warning: Depth video ended at frame 563
⚠️ Warning: Depth video ended at frame 564
⚠️ Warning: Depth video ended at frame 565
⚠️ Warning: Depth video ended at frame 566
⚠️ Warning: Depth video ended at frame 567
⚠️ Warning: Depth video ended at frame 568
⚠️ Warning: Depth video ended at frame 569
⚠️ Warning: Depth video ended at frame 570
⚠️ Warning: Depth video ended at frame 571
⚠️ Warning: Depth video ended at frame 572
⚠️ Warning: Depth video ended at frame 573
⚠️ Warning: Depth video ended at frame 574
⚠️ Warning: Depth video ended at frame 575
⚠️ Warning: Depth video ended at frame 576
⚠️ Warning: Depth video ended at frame 577
⚠️ Warning: Depth video ended at frame 578
⚠️ Warning: Depth video ended at frame 579
⚠️ Warning: Depth video ended at frame 580
⚠️ Warning: Depth video ended at frame 581
⚠️ Warning: Depth video ended at frame 582
⚠️ Warning: Depth video ended at frame 583
⚠️ Warning: Depth video ended at frame 584
⚠️ Warning: Depth video ended at frame 585
⚠️ Warning: Depth video ended at frame 586
⚠️ Warning: Depth video ended at frame 587
⚠️ Warning: Depth video ended at frame 588
⚠️ Warning: Depth video ended at frame 589
⚠️ Warning: Depth video ended at frame 590
⚠️ Warning: Depth video ended at frame 591
⚠️ Warning: Depth video ended at frame 592
⚠️ Warning: Depth video ended at frame 593
⚠️ Warning: Depth video ended at frame 594
⚠️ Warning: Depth video ended at frame 595
⚠️ Warning: Depth video ended at frame 596
⚠️ Warning: Depth video ended at frame 597
⚠️ Warning: Depth video ended at frame 598
⚠️ Warning: Depth video ended at frame 599
  Processed 600 frames | FPS: 20.95
⚠️ Warning: Depth video ended at frame 600
⚠️ Warning: Depth video ended at frame 601
⚠️ Warning: Depth video ended at frame 602
⚠️ Warning: Depth video ended at frame 603
⚠️ Warning: Depth video ended at frame 604
⚠️ Warning: Depth video ended at frame 605
⚠️ Warning: Depth video ended at frame 606
⚠️ Warning: Depth video ended at frame 607
⚠️ Warning: Depth video ended at frame 608
⚠️ Warning: Depth video ended at frame 609
⚠️ Warning: Depth video ended at frame 610
⚠️ Warning: Depth video ended at frame 611
⚠️ Warning: Depth video ended at frame 612
⚠️ Warning: Depth video ended at frame 613
⚠️ Warning: Depth video ended at frame 614
⚠️ Warning: Depth video ended at frame 615
⚠️ Warning: Depth video ended at frame 616
⚠️ Warning: Depth video ended at frame 617
⚠️ Warning: Depth video ended at frame 618
⚠️ Warning: Depth video ended at frame 619
⚠️ Warning: Depth video ended at frame 620
⚠️ Warning: Depth video ended at frame 621
⚠️ Warning: Depth video ended at frame 622
⚠️ Warning: Depth video ended at frame 623
⚠️ Warning: Depth video ended at frame 624
⚠️ Warning: Depth video ended at frame 625
⚠️ Warning: Depth video ended at frame 626
⚠️ Warning: Depth video ended at frame 627
⚠️ Warning: Depth video ended at frame 628
⚠️ Warning: Depth video ended at frame 629
⚠️ Warning: Depth video ended at frame 630
⚠️ Warning: Depth video ended at frame 631
⚠️ Warning: Depth video ended at frame 632
⚠️ Warning: Depth video ended at frame 633
⚠️ Warning: Depth video ended at frame 634
⚠️ Warning: Depth video ended at frame 635
⚠️ Warning: Depth video ended at frame 636
⚠️ Warning: Depth video ended at frame 637
⚠️ Warning: Depth video ended at frame 638
⚠️ Warning: Depth video ended at frame 639
⚠️ Warning: Depth video ended at frame 640
⚠️ Warning: Depth video ended at frame 641
⚠️ Warning: Depth video ended at frame 642
⚠️ Warning: Depth video ended at frame 643
⚠️ Warning: Depth video ended at frame 644
⚠️ Warning: Depth video ended at frame 645
⚠️ Warning: Depth video ended at frame 646
⚠️ Warning: Depth video ended at frame 647
⚠️ Warning: Depth video ended at frame 648
⚠️ Warning: Depth video ended at frame 649
⚠️ Warning: Depth video ended at frame 650
⚠️ Warning: Depth video ended at frame 651
⚠️ Warning: Depth video ended at frame 652
⚠️ Warning: Depth video ended at frame 653
⚠️ Warning: Depth video ended at frame 654
⚠️ Warning: Depth video ended at frame 655
⚠️ Warning: Depth video ended at frame 656
⚠️ Warning: Depth video ended at frame 657
⚠️ Warning: Depth video ended at frame 658
⚠️ Warning: Depth video ended at frame 659
⚠️ Warning: Depth video ended at frame 660
⚠️ Warning: Depth video ended at frame 661
⚠️ Warning: Depth video ended at frame 662
⚠️ Warning: Depth video ended at frame 663
⚠️ Warning: Depth video ended at frame 664
⚠️ Warning: Depth video ended at frame 665
⚠️ Warning: Depth video ended at frame 666
⚠️ Warning: Depth video ended at frame 667
⚠️ Warning: Depth video ended at frame 668
⚠️ Warning: Depth video ended at frame 669
⚠️ Warning: Depth video ended at frame 670
⚠️ Warning: Depth video ended at frame 671
⚠️ Warning: Depth video ended at frame 672
⚠️ Warning: Depth video ended at frame 673
⚠️ Warning: Depth video ended at frame 674
⚠️ Warning: Depth video ended at frame 675
⚠️ Warning: Depth video ended at frame 676
⚠️ Warning: Depth video ended at frame 677
⚠️ Warning: Depth video ended at frame 678
⚠️ Warning: Depth video ended at frame 679
⚠️ Warning: Depth video ended at frame 680
⚠️ Warning: Depth video ended at frame 681
⚠️ Warning: Depth video ended at frame 682
⚠️ Warning: Depth video ended at frame 683
⚠️ Warning: Depth video ended at frame 684
⚠️ Warning: Depth video ended at frame 685
⚠️ Warning: Depth video ended at frame 686
⚠️ Warning: Depth video ended at frame 687
⚠️ Warning: Depth video ended at frame 688
⚠️ Warning: Depth video ended at frame 689
⚠️ Warning: Depth video ended at frame 690
⚠️ Warning: Depth video ended at frame 691
⚠️ Warning: Depth video ended at frame 692
⚠️ Warning: Depth video ended at frame 693
⚠️ Warning: Depth video ended at frame 694
⚠️ Warning: Depth video ended at frame 695
⚠️ Warning: Depth video ended at frame 696
⚠️ Warning: Depth video ended at frame 697
⚠️ Warning: Depth video ended at frame 698
⚠️ Warning: Depth video ended at frame 699
  Processed 700 frames | FPS: 21.78
⚠️ Warning: Depth video ended at frame 700
⚠️ Warning: Depth video ended at frame 701
⚠️ Warning: Depth video ended at frame 702
⚠️ Warning: Depth video ended at frame 703
⚠️ Warning: Depth video ended at frame 704
⚠️ Warning: Depth video ended at frame 705
⚠️ Warning: Depth video ended at frame 706
⚠️ Warning: Depth video ended at frame 707
⚠️ Warning: Depth video ended at frame 708
⚠️ Warning: Depth video ended at frame 709
⚠️ Warning: Depth video ended at frame 710
⚠️ Warning: Depth video ended at frame 711
⚠️ Warning: Depth video ended at frame 712
⚠️ Warning: Depth video ended at frame 713
⚠️ Warning: Depth video ended at frame 714
⚠️ Warning: Depth video ended at frame 715
⚠️ Warning: Depth video ended at frame 716
⚠️ Warning: Depth video ended at frame 717
⚠️ Warning: Depth video ended at frame 718
⚠️ Warning: Depth video ended at frame 719
⚠️ Warning: Depth video ended at frame 720
⚠️ Warning: Depth video ended at frame 721
⚠️ Warning: Depth video ended at frame 722
⚠️ Warning: Depth video ended at frame 723
⚠️ Warning: Depth video ended at frame 724
⚠️ Warning: Depth video ended at frame 725
⚠️ Warning: Depth video ended at frame 726
⚠️ Warning: Depth video ended at frame 727
⚠️ Warning: Depth video ended at frame 728
⚠️ Warning: Depth video ended at frame 729
⚠️ Warning: Depth video ended at frame 730
⚠️ Warning: Depth video ended at frame 731
⚠️ Warning: Depth video ended at frame 732
⚠️ Warning: Depth video ended at frame 733
⚠️ Warning: Depth video ended at frame 734
⚠️ Warning: Depth video ended at frame 735
⚠️ Warning: Depth video ended at frame 736
⚠️ Warning: Depth video ended at frame 737
⚠️ Warning: Depth video ended at frame 738
⚠️ Warning: Depth video ended at frame 739
⚠️ Warning: Depth video ended at frame 740
⚠️ Warning: Depth video ended at frame 741
⚠️ Warning: Depth video ended at frame 742
⚠️ Warning: Depth video ended at frame 743
⚠️ Warning: Depth video ended at frame 744
⚠️ Warning: Depth video ended at frame 745
⚠️ Warning: Depth video ended at frame 746
⚠️ Warning: Depth video ended at frame 747
⚠️ Warning: Depth video ended at frame 748
⚠️ Warning: Depth video ended at frame 749
⚠️ Warning: Depth video ended at frame 750
⚠️ Warning: Depth video ended at frame 751
⚠️ Warning: Depth video ended at frame 752
⚠️ Warning: Depth video ended at frame 753
⚠️ Warning: Depth video ended at frame 754
⚠️ Warning: Depth video ended at frame 755
⚠️ Warning: Depth video ended at frame 756
⚠️ Warning: Depth video ended at frame 757
⚠️ Warning: Depth video ended at frame 758
⚠️ Warning: Depth video ended at frame 759
⚠️ Warning: Depth video ended at frame 760
⚠️ Warning: Depth video ended at frame 761
⚠️ Warning: Depth video ended at frame 762
⚠️ Warning: Depth video ended at frame 763
⚠️ Warning: Depth video ended at frame 764
⚠️ Warning: Depth video ended at frame 765
⚠️ Warning: Depth video ended at frame 766
⚠️ Warning: Depth video ended at frame 767
⚠️ Warning: Depth video ended at frame 768
⚠️ Warning: Depth video ended at frame 769
⚠️ Warning: Depth video ended at frame 770
⚠️ Warning: Depth video ended at frame 771
⚠️ Warning: Depth video ended at frame 772
⚠️ Warning: Depth video ended at frame 773
⚠️ Warning: Depth video ended at frame 774
⚠️ Warning: Depth video ended at frame 775
⚠️ Warning: Depth video ended at frame 776
⚠️ Warning: Depth video ended at frame 777
⚠️ Warning: Depth video ended at frame 778
⚠️ Warning: Depth video ended at frame 779
⚠️ Warning: Depth video ended at frame 780
⚠️ Warning: Depth video ended at frame 781
⚠️ Warning: Depth video ended at frame 782
⚠️ Warning: Depth video ended at frame 783
⚠️ Warning: Depth video ended at frame 784
⚠️ Warning: Depth video ended at frame 785
⚠️ Warning: Depth video ended at frame 786
⚠️ Warning: Depth video ended at frame 787
⚠️ Warning: Depth video ended at frame 788
⚠️ Warning: Depth video ended at frame 789
⚠️ Warning: Depth video ended at frame 790
⚠️ Warning: Depth video ended at frame 791
⚠️ Warning: Depth video ended at frame 792
⚠️ Warning: Depth video ended at frame 793
⚠️ Warning: Depth video ended at frame 794
⚠️ Warning: Depth video ended at frame 795
⚠️ Warning: Depth video ended at frame 796
⚠️ Warning: Depth video ended at frame 797
⚠️ Warning: Depth video ended at frame 798
⚠️ Warning: Depth video ended at frame 799
  Processed 800 frames | FPS: 21.11
⚠️ Warning: Depth video ended at frame 800
⚠️ Warning: Depth video ended at frame 801
⚠️ Warning: Depth video ended at frame 802
⚠️ Warning: Depth video ended at frame 803
⚠️ Warning: Depth video ended at frame 804
⚠️ Warning: Depth video ended at frame 805
⚠️ Warning: Depth video ended at frame 806
⚠️ Warning: Depth video ended at frame 807
⚠️ Warning: Depth video ended at frame 808
⚠️ Warning: Depth video ended at frame 809
⚠️ Warning: Depth video ended at frame 810
⚠️ Warning: Depth video ended at frame 811
⚠️ Warning: Depth video ended at frame 812
⚠️ Warning: Depth video ended at frame 813
⚠️ Warning: Depth video ended at frame 814
⚠️ Warning: Depth video ended at frame 815
⚠️ Warning: Depth video ended at frame 816
⚠️ Warning: Depth video ended at frame 817
⚠️ Warning: Depth video ended at frame 818
⚠️ Warning: Depth video ended at frame 819
⚠️ Warning: Depth video ended at frame 820
⚠️ Warning: Depth video ended at frame 821
⚠️ Warning: Depth video ended at frame 822
⚠️ Warning: Depth video ended at frame 823
⚠️ Warning: Depth video ended at frame 824
⚠️ Warning: Depth video ended at frame 825
⚠️ Warning: Depth video ended at frame 826
⚠️ Warning: Depth video ended at frame 827
⚠️ Warning: Depth video ended at frame 828
⚠️ Warning: Depth video ended at frame 829
⚠️ Warning: Depth video ended at frame 830
⚠️ Warning: Depth video ended at frame 831
⚠️ Warning: Depth video ended at frame 832
⚠️ Warning: Depth video ended at frame 833
⚠️ Warning: Depth video ended at frame 834
⚠️ Warning: Depth video ended at frame 835
⚠️ Warning: Depth video ended at frame 836
⚠️ Warning: Depth video ended at frame 837
⚠️ Warning: Depth video ended at frame 838
⚠️ Warning: Depth video ended at frame 839
⚠️ Warning: Depth video ended at frame 840
⚠️ Warning: Depth video ended at frame 841
⚠️ Warning: Depth video ended at frame 842
⚠️ Warning: Depth video ended at frame 843
⚠️ Warning: Depth video ended at frame 844
⚠️ Warning: Depth video ended at frame 845
⚠️ Warning: Depth video ended at frame 846
⚠️ Warning: Depth video ended at frame 847
⚠️ Warning: Depth video ended at frame 848
⚠️ Warning: Depth video ended at frame 849
⚠️ Warning: Depth video ended at frame 850
⚠️ Warning: Depth video ended at frame 851
⚠️ Warning: Depth video ended at frame 852
⚠️ Warning: Depth video ended at frame 853
⚠️ Warning: Depth video ended at frame 854
⚠️ Warning: Depth video ended at frame 855
⚠️ Warning: Depth video ended at frame 856
⚠️ Warning: Depth video ended at frame 857
⚠️ Warning: Depth video ended at frame 858
⚠️ Warning: Depth video ended at frame 859
⚠️ Warning: Depth video ended at frame 860
⚠️ Warning: Depth video ended at frame 861
⚠️ Warning: Depth video ended at frame 862
⚠️ Warning: Depth video ended at frame 863
⚠️ Warning: Depth video ended at frame 864
⚠️ Warning: Depth video ended at frame 865
⚠️ Warning: Depth video ended at frame 866
⚠️ Warning: Depth video ended at frame 867
⚠️ Warning: Depth video ended at frame 868
⚠️ Warning: Depth video ended at frame 869
⚠️ Warning: Depth video ended at frame 870
⚠️ Warning: Depth video ended at frame 871
⚠️ Warning: Depth video ended at frame 872
⚠️ Warning: Depth video ended at frame 873
⚠️ Warning: Depth video ended at frame 874
⚠️ Warning: Depth video ended at frame 875
⚠️ Warning: Depth video ended at frame 876
⚠️ Warning: Depth video ended at frame 877
⚠️ Warning: Depth video ended at frame 878
⚠️ Warning: Depth video ended at frame 879
⚠️ Warning: Depth video ended at frame 880
⚠️ Warning: Depth video ended at frame 881
⚠️ Warning: Depth video ended at frame 882
⚠️ Warning: Depth video ended at frame 883
⚠️ Warning: Depth video ended at frame 884
⚠️ Warning: Depth video ended at frame 885
⚠️ Warning: Depth video ended at frame 886
⚠️ Warning: Depth video ended at frame 887
⚠️ Warning: Depth video ended at frame 888
⚠️ Warning: Depth video ended at frame 889
⚠️ Warning: Depth video ended at frame 890
⚠️ Warning: Depth video ended at frame 891
⚠️ Warning: Depth video ended at frame 892
⚠️ Warning: Depth video ended at frame 893
⚠️ Warning: Depth video ended at frame 894
⚠️ Warning: Depth video ended at frame 895
⚠️ Warning: Depth video ended at frame 896
⚠️ Warning: Depth video ended at frame 897
⚠️ Warning: Depth video ended at frame 898
⚠️ Warning: Depth video ended at frame 899
  Processed 900 frames | FPS: 22.06
⚠️ Warning: Depth video ended at frame 900
⚠️ Warning: Depth video ended at frame 901
⚠️ Warning: Depth video ended at frame 902
⚠️ Warning: Depth video ended at frame 903
⚠️ Warning: Depth video ended at frame 904
⚠️ Warning: Depth video ended at frame 905
⚠️ Warning: Depth video ended at frame 906
⚠️ Warning: Depth video ended at frame 907
⚠️ Warning: Depth video ended at frame 908
⚠️ Warning: Depth video ended at frame 909
⚠️ Warning: Depth video ended at frame 910
⚠️ Warning: Depth video ended at frame 911
⚠️ Warning: Depth video ended at frame 912
⚠️ Warning: Depth video ended at frame 913
⚠️ Warning: Depth video ended at frame 914
⚠️ Warning: Depth video ended at frame 915
⚠️ Warning: Depth video ended at frame 916
⚠️ Warning: Depth video ended at frame 917
⚠️ Warning: Depth video ended at frame 918
⚠️ Warning: Depth video ended at frame 919
⚠️ Warning: Depth video ended at frame 920
⚠️ Warning: Depth video ended at frame 921
⚠️ Warning: Depth video ended at frame 922
⚠️ Warning: Depth video ended at frame 923
⚠️ Warning: Depth video ended at frame 924
⚠️ Warning: Depth video ended at frame 925
⚠️ Warning: Depth video ended at frame 926
⚠️ Warning: Depth video ended at frame 927
⚠️ Warning: Depth video ended at frame 928
⚠️ Warning: Depth video ended at frame 929
⚠️ Warning: Depth video ended at frame 930
⚠️ Warning: Depth video ended at frame 931
⚠️ Warning: Depth video ended at frame 932
⚠️ Warning: Depth video ended at frame 933
⚠️ Warning: Depth video ended at frame 934
⚠️ Warning: Depth video ended at frame 935
⚠️ Warning: Depth video ended at frame 936
⚠️ Warning: Depth video ended at frame 937
⚠️ Warning: Depth video ended at frame 938
⚠️ Warning: Depth video ended at frame 939
⚠️ Warning: Depth video ended at frame 940
⚠️ Warning: Depth video ended at frame 941
⚠️ Warning: Depth video ended at frame 942
⚠️ Warning: Depth video ended at frame 943
⚠️ Warning: Depth video ended at frame 944
⚠️ Warning: Depth video ended at frame 945
⚠️ Warning: Depth video ended at frame 946
⚠️ Warning: Depth video ended at frame 947
⚠️ Warning: Depth video ended at frame 948
⚠️ Warning: Depth video ended at frame 949
⚠️ Warning: Depth video ended at frame 950
⚠️ Warning: Depth video ended at frame 951
⚠️ Warning: Depth video ended at frame 952
⚠️ Warning: Depth video ended at frame 953
⚠️ Warning: Depth video ended at frame 954
⚠️ Warning: Depth video ended at frame 955
⚠️ Warning: Depth video ended at frame 956
⚠️ Warning: Depth video ended at frame 957
⚠️ Warning: Depth video ended at frame 958
⚠️ Warning: Depth video ended at frame 959
⚠️ Warning: Depth video ended at frame 960
⚠️ Warning: Depth video ended at frame 961
⚠️ Warning: Depth video ended at frame 962
⚠️ Warning: Depth video ended at frame 963
⚠️ Warning: Depth video ended at frame 964
⚠️ Warning: Depth video ended at frame 965
⚠️ Warning: Depth video ended at frame 966
⚠️ Warning: Depth video ended at frame 967
⚠️ Warning: Depth video ended at frame 968
⚠️ Warning: Depth video ended at frame 969
⚠️ Warning: Depth video ended at frame 970
⚠️ Warning: Depth video ended at frame 971
⚠️ Warning: Depth video ended at frame 972
⚠️ Warning: Depth video ended at frame 973
⚠️ Warning: Depth video ended at frame 974
⚠️ Warning: Depth video ended at frame 975
⚠️ Warning: Depth video ended at frame 976
⚠️ Warning: Depth video ended at frame 977
⚠️ Warning: Depth video ended at frame 978
⚠️ Warning: Depth video ended at frame 979
⚠️ Warning: Depth video ended at frame 980
⚠️ Warning: Depth video ended at frame 981
⚠️ Warning: Depth video ended at frame 982
⚠️ Warning: Depth video ended at frame 983
⚠️ Warning: Depth video ended at frame 984
⚠️ Warning: Depth video ended at frame 985
⚠️ Warning: Depth video ended at frame 986
⚠️ Warning: Depth video ended at frame 987
⚠️ Warning: Depth video ended at frame 988
⚠️ Warning: Depth video ended at frame 989
⚠️ Warning: Depth video ended at frame 990
⚠️ Warning: Depth video ended at frame 991
⚠️ Warning: Depth video ended at frame 992
⚠️ Warning: Depth video ended at frame 993
⚠️ Warning: Depth video ended at frame 994
⚠️ Warning: Depth video ended at frame 995
⚠️ Warning: Depth video ended at frame 996
⚠️ Warning: Depth video ended at frame 997
⚠️ Warning: Depth video ended at frame 998
⚠️ Warning: Depth video ended at frame 999
  Processed 1000 frames | FPS: 22.37
⚠️ Warning: Depth video ended at frame 1000
⚠️ Warning: Depth video ended at frame 1001
⚠️ Warning: Depth video ended at frame 1002
⚠️ Warning: Depth video ended at frame 1003
⚠️ Warning: Depth video ended at frame 1004
⚠️ Warning: Depth video ended at frame 1005
⚠️ Warning: Depth video ended at frame 1006
⚠️ Warning: Depth video ended at frame 1007
⚠️ Warning: Depth video ended at frame 1008
⚠️ Warning: Depth video ended at frame 1009
⚠️ Warning: Depth video ended at frame 1010
⚠️ Warning: Depth video ended at frame 1011
⚠️ Warning: Depth video ended at frame 1012
⚠️ Warning: Depth video ended at frame 1013
⚠️ Warning: Depth video ended at frame 1014
⚠️ Warning: Depth video ended at frame 1015
⚠️ Warning: Depth video ended at frame 1016
⚠️ Warning: Depth video ended at frame 1017
⚠️ Warning: Depth video ended at frame 1018
⚠️ Warning: Depth video ended at frame 1019
⚠️ Warning: Depth video ended at frame 1020
⚠️ Warning: Depth video ended at frame 1021
⚠️ Warning: Depth video ended at frame 1022
⚠️ Warning: Depth video ended at frame 1023
⚠️ Warning: Depth video ended at frame 1024
⚠️ Warning: Depth video ended at frame 1025
⚠️ Warning: Depth video ended at frame 1026
⚠️ Warning: Depth video ended at frame 1027
⚠️ Warning: Depth video ended at frame 1028
⚠️ Warning: Depth video ended at frame 1029
⚠️ Warning: Depth video ended at frame 1030
⚠️ Warning: Depth video ended at frame 1031
⚠️ Warning: Depth video ended at frame 1032
⚠️ Warning: Depth video ended at frame 1033
⚠️ Warning: Depth video ended at frame 1034
⚠️ Warning: Depth video ended at frame 1035
⚠️ Warning: Depth video ended at frame 1036
⚠️ Warning: Depth video ended at frame 1037
⚠️ Warning: Depth video ended at frame 1038
⚠️ Warning: Depth video ended at frame 1039
⚠️ Warning: Depth video ended at frame 1040
⚠️ Warning: Depth video ended at frame 1041
⚠️ Warning: Depth video ended at frame 1042
⚠️ Warning: Depth video ended at frame 1043
⚠️ Warning: Depth video ended at frame 1044
⚠️ Warning: Depth video ended at frame 1045
⚠️ Warning: Depth video ended at frame 1046
⚠️ Warning: Depth video ended at frame 1047
⚠️ Warning: Depth video ended at frame 1048
⚠️ Warning: Depth video ended at frame 1049
⚠️ Warning: Depth video ended at frame 1050
⚠️ Warning: Depth video ended at frame 1051
⚠️ Warning: Depth video ended at frame 1052
⚠️ Warning: Depth video ended at frame 1053
⚠️ Warning: Depth video ended at frame 1054
⚠️ Warning: Depth video ended at frame 1055
⚠️ Warning: Depth video ended at frame 1056
⚠️ Warning: Depth video ended at frame 1057
⚠️ Warning: Depth video ended at frame 1058
⚠️ Warning: Depth video ended at frame 1059
⚠️ Warning: Depth video ended at frame 1060
⚠️ Warning: Depth video ended at frame 1061
⚠️ Warning: Depth video ended at frame 1062
⚠️ Warning: Depth video ended at frame 1063
⚠️ Warning: Depth video ended at frame 1064
⚠️ Warning: Depth video ended at frame 1065
⚠️ Warning: Depth video ended at frame 1066
⚠️ Warning: Depth video ended at frame 1067
⚠️ Warning: Depth video ended at frame 1068
⚠️ Warning: Depth video ended at frame 1069
⚠️ Warning: Depth video ended at frame 1070
⚠️ Warning: Depth video ended at frame 1071
⚠️ Warning: Depth video ended at frame 1072
⚠️ Warning: Depth video ended at frame 1073
⚠️ Warning: Depth video ended at frame 1074
⚠️ Warning: Depth video ended at frame 1075
⚠️ Warning: Depth video ended at frame 1076
⚠️ Warning: Depth video ended at frame 1077
⚠️ Warning: Depth video ended at frame 1078
⚠️ Warning: Depth video ended at frame 1079
⚠️ Warning: Depth video ended at frame 1080
⚠️ Warning: Depth video ended at frame 1081
⚠️ Warning: Depth video ended at frame 1082
⚠️ Warning: Depth video ended at frame 1083
⚠️ Warning: Depth video ended at frame 1084
⚠️ Warning: Depth video ended at frame 1085
⚠️ Warning: Depth video ended at frame 1086
⚠️ Warning: Depth video ended at frame 1087
⚠️ Warning: Depth video ended at frame 1088
⚠️ Warning: Depth video ended at frame 1089
⚠️ Warning: Depth video ended at frame 1090
⚠️ Warning: Depth video ended at frame 1091
⚠️ Warning: Depth video ended at frame 1092
⚠️ Warning: Depth video ended at frame 1093
⚠️ Warning: Depth video ended at frame 1094
⚠️ Warning: Depth video ended at frame 1095
⚠️ Warning: Depth video ended at frame 1096
⚠️ Warning: Depth video ended at frame 1097
⚠️ Warning: Depth video ended at frame 1098
⚠️ Warning: Depth video ended at frame 1099
  Processed 1100 frames | FPS: 21.38
⚠️ Warning: Depth video ended at frame 1100
⚠️ Warning: Depth video ended at frame 1101
⚠️ Warning: Depth video ended at frame 1102
⚠️ Warning: Depth video ended at frame 1103
⚠️ Warning: Depth video ended at frame 1104
⚠️ Warning: Depth video ended at frame 1105
⚠️ Warning: Depth video ended at frame 1106
⚠️ Warning: Depth video ended at frame 1107
⚠️ Warning: Depth video ended at frame 1108
⚠️ Warning: Depth video ended at frame 1109
⚠️ Warning: Depth video ended at frame 1110
⚠️ Warning: Depth video ended at frame 1111
⚠️ Warning: Depth video ended at frame 1112
⚠️ Warning: Depth video ended at frame 1113
⚠️ Warning: Depth video ended at frame 1114
⚠️ Warning: Depth video ended at frame 1115
⚠️ Warning: Depth video ended at frame 1116
⚠️ Warning: Depth video ended at frame 1117
⚠️ Warning: Depth video ended at frame 1118
⚠️ Warning: Depth video ended at frame 1119
⚠️ Warning: Depth video ended at frame 1120
⚠️ Warning: Depth video ended at frame 1121
⚠️ Warning: Depth video ended at frame 1122
⚠️ Warning: Depth video ended at frame 1123
⚠️ Warning: Depth video ended at frame 1124
⚠️ Warning: Depth video ended at frame 1125
⚠️ Warning: Depth video ended at frame 1126
⚠️ Warning: Depth video ended at frame 1127
⚠️ Warning: Depth video ended at frame 1128
⚠️ Warning: Depth video ended at frame 1129
⚠️ Warning: Depth video ended at frame 1130
⚠️ Warning: Depth video ended at frame 1131
⚠️ Warning: Depth video ended at frame 1132
⚠️ Warning: Depth video ended at frame 1133
⚠️ Warning: Depth video ended at frame 1134
⚠️ Warning: Depth video ended at frame 1135
⚠️ Warning: Depth video ended at frame 1136
⚠️ Warning: Depth video ended at frame 1137
⚠️ Warning: Depth video ended at frame 1138
⚠️ Warning: Depth video ended at frame 1139
⚠️ Warning: Depth video ended at frame 1140
⚠️ Warning: Depth video ended at frame 1141
⚠️ Warning: Depth video ended at frame 1142
⚠️ Warning: Depth video ended at frame 1143
⚠️ Warning: Depth video ended at frame 1144
⚠️ Warning: Depth video ended at frame 1145
⚠️ Warning: Depth video ended at frame 1146
⚠️ Warning: Depth video ended at frame 1147
⚠️ Warning: Depth video ended at frame 1148
⚠️ Warning: Depth video ended at frame 1149
⚠️ Warning: Depth video ended at frame 1150
⚠️ Warning: Depth video ended at frame 1151
⚠️ Warning: Depth video ended at frame 1152
⚠️ Warning: Depth video ended at frame 1153
⚠️ Warning: Depth video ended at frame 1154
⚠️ Warning: Depth video ended at frame 1155
⚠️ Warning: Depth video ended at frame 1156
⚠️ Warning: Depth video ended at frame 1157
⚠️ Warning: Depth video ended at frame 1158
⚠️ Warning: Depth video ended at frame 1159
⚠️ Warning: Depth video ended at frame 1160
⚠️ Warning: Depth video ended at frame 1161
⚠️ Warning: Depth video ended at frame 1162
⚠️ Warning: Depth video ended at frame 1163
⚠️ Warning: Depth video ended at frame 1164
⚠️ Warning: Depth video ended at frame 1165
⚠️ Warning: Depth video ended at frame 1166
⚠️ Warning: Depth video ended at frame 1167
⚠️ Warning: Depth video ended at frame 1168
⚠️ Warning: Depth video ended at frame 1169
⚠️ Warning: Depth video ended at frame 1170
⚠️ Warning: Depth video ended at frame 1171
⚠️ Warning: Depth video ended at frame 1172
⚠️ Warning: Depth video ended at frame 1173
⚠️ Warning: Depth video ended at frame 1174
⚠️ Warning: Depth video ended at frame 1175

✅ Completed deepsort: 1176 frames in 55.88s
   Average FPS: 31.59
   MOTA: 0.123 | IDF1: 0.220
Metrics exported to: benchmark/results/with_deepsort/deepsort_results.json
   Results saved to: benchmark/results/with_deepsort/deepsort_results.json

====================================================================================================
BENCHMARK COMPARISON
====================================================================================================
Variant              | Lock Rate  | MOTA     | IDF1     | ID Sw  | Mean FPS   | P95 Lat   
----------------------------------------------------------------------------------------------------
iou_only             |     98.6% |   0.806 |   0.993 |     0 |     60.21 |      21.9
shape_only           |     99.1% |   0.803 |   0.995 |     0 |     37.56 |      54.0
hsv_depth            |     99.1% |   0.788 |   0.995 |     0 |     66.05 |      18.2
shape_depth          |     99.1% |   0.828 |   0.995 |     0 |     38.69 |      52.8
full_features        |     99.0% |   0.852 |   0.995 |     0 |     38.37 |      55.1
deepsort             |     12.3% |   0.123 |   0.220 |     0 |     31.59 |      79.2
====================================================================================================

📊 Comparison saved to: benchmark/results/with_deepsort/comparison.json
